{
	"credit": "Made by Bret06 using Blockbench",
	"textures": {
		"0": "lunareclipse.watching:item/ui/advancements/found_footage/godis",
		"particle": "lunareclipse.watching:item/ui/advancements/found_footage/godis"
	},
	"elements": [
		{
			"from": [5, 0, 6],
			"to": [10, 9, 9],
			"rotation": {"angle": 0, "axis": "y", "origin": [5, 0, 6]},
			"faces": {
				"north": {"uv": [0, 0, 5, 9], "texture": "#0"},
				"east": {"uv": [13, 0, 10, 9], "texture": "#0"},
				"south": {"uv": [5, 0, 10, 9], "texture": "#0"},
				"west": {"uv": [10, 0, 13, 9], "texture": "#0"},
				"up": {"uv": [6, 13, 11, 16], "texture": "#0"},
				"down": {"uv": [11, 13, 16, 16], "texture": "#0"}
			}
		},
		{
			"from": [7, 1, 5],
			"to": [8, 2, 6],
			"rotation": {"angle": 0, "axis": "y", "origin": [7, 1, 5]},
			"faces": {
				"north": {"uv": [1, 9, 3, 10], "texture": "#0"},
				"east": {"uv": [1, 9, 3, 10], "texture": "#0"},
				"south": {"uv": [1, 9, 3, 10], "texture": "#0"},
				"west": {"uv": [1, 9, 3, 10], "texture": "#0"},
				"up": {"uv": [1, 9, 3, 10], "texture": "#0"},
				"down": {"uv": [1, 9, 3, 10], "texture": "#0"}
			}
		},
		{
			"from": [7, 1, 4],
			"to": [8, 5, 5],
			"rotation": {"angle": 0, "axis": "y", "origin": [7, 1, 4]},
			"faces": {
				"north": {"uv": [0, 9, 1, 13], "texture": "#0"},
				"east": {"uv": [0, 9, 1, 13], "texture": "#0"},
				"south": {"uv": [0, 9, 1, 13], "texture": "#0"},
				"west": {"uv": [0, 9, 1, 13], "texture": "#0"},
				"up": {"uv": [0, 9, 1, 10], "texture": "#0"},
				"down": {"uv": [0, 12, 1, 13], "texture": "#0"}
			}
		}
	],
	"gui_light": "front",
	"display": {
		"thirdperson_righthand": {
			"rotation": [0, 180, 0],
			"translation": [-2.5, 6, 0],
			"scale": [0.9, 0.9, 0.9]
		},
		"thirdperson_lefthand": {
			"rotation": [0, 180, 0],
			"translation": [-2.5, 6, 0],
			"scale": [0.9, 0.9, 0.9]
		},
		"firstperson_righthand": {
			"rotation": [0, 135, 0],
			"translation": [0, 5, 0]
		},
		"firstperson_lefthand": {
			"rotation": [0, 135, 0],
			"translation": [0, 5, 0]
		},
		"ground": {
			"translation": [0, 4.75, 0],
			"scale": [0.7, 0.7, 0.7]
		},
		"gui": {
			"rotation": [-153.5, 25, 180],
			"translation": [0, 6, 0],
			"scale": [1.75, 1.75, 1.75]
		},
		"head": {
			"translation": [0.75, 16.75, 0],
			"scale": [1.3, 1.3, 1.3]
		},
		"fixed": {
			"translation": [0, 4.5, -1.25],
			"scale": [1.3, 1.3, 1.3]
		}
	}
}