{
	"credit": "Made by Bret06 using Blockbench",
	"textures": {
		"0": "lunareclipse.watching:item/ui/advancements/found_footage/the_librarian/candle_lit",
		"1": "lunareclipse.watching:item/ui/advancements/found_footage/the_librarian/plate",
		"2": "lunareclipse.watching:item/ui/advancements/found_footage/the_librarian/flame",
		"particle": "lunareclipse.watching:item/ui/advancements/found_footage/the_librarian/candle_lit"
	},
	"elements": [
		{
			"from": [7, 0, 7],
			"to": [9, 6, 9],
			"faces": {
				"north": {"uv": [0, 8, 2, 14], "texture": "#0"},
				"east": {"uv": [2, 8, 4, 14], "texture": "#0"},
				"south": {"uv": [0, 8, 2, 14], "texture": "#0"},
				"west": {"uv": [2, 8, 4, 14], "texture": "#0"},
				"up": {"uv": [0, 6, 2, 8], "texture": "#0"},
				"down": {"uv": [0, 14, 2, 16], "texture": "#0", "cullface": "down"}
			}
		},
		{
			"from": [6.9, -0.1, 6.9],
			"to": [9.1, 6.1, 9.1],
			"faces": {
				"north": {"uv": [8, 0, 10, 6], "texture": "#0"},
				"east": {"uv": [10, 0, 12, 6], "texture": "#0"},
				"south": {"uv": [8, 0, 10, 6], "texture": "#0"},
				"west": {"uv": [10, 0, 12, 6], "texture": "#0"},
				"up": {"uv": [0, 6, 2, 8], "texture": "#0"}
			}
		},
		{
			"name": "cube inverted",
			"from": [9.1, 6.1, 9.1],
			"to": [6.9, -0.1, 6.9],
			"faces": {
				"north": {"uv": [8, 6, 10, 0], "texture": "#0"},
				"east": {"uv": [10, 6, 12, 0], "texture": "#0"},
				"south": {"uv": [8, 6, 10, 0], "texture": "#0"},
				"west": {"uv": [10, 6, 12, 0], "texture": "#0"},
				"down": {"uv": [2, 6, 0, 8], "texture": "#0"}
			}
		},
		{
			"from": [6.5, 6, 8],
			"to": [8.5, 8, 8],
			"rotation": {"angle": -45, "axis": "y", "origin": [8, 6, 8]},
			"faces": {
				"north": {"uv": [0, 4, 2, 6], "texture": "#0"},
				"east": {"uv": [0, 0, 0, 0], "texture": "#0"},
				"south": {"uv": [2, 4, 0, 6], "texture": "#0"},
				"west": {"uv": [0, 0, 0, 0], "texture": "#0"},
				"up": {"uv": [0, 0, 0, 0], "texture": "#0"},
				"down": {"uv": [0, 0, 0, 0], "texture": "#0"}
			}
		},
		{
			"from": [6.5, 6, 8],
			"to": [8.5, 8, 8],
			"rotation": {"angle": 45, "axis": "y", "origin": [8, 6, 8]},
			"faces": {
				"north": {"uv": [0, 4, 2, 6], "texture": "#0"},
				"east": {"uv": [0, 0, 0, 0], "texture": "#0"},
				"south": {"uv": [2, 4, 0, 6], "texture": "#0"},
				"west": {"uv": [0, 0, 0, 0], "texture": "#0"},
				"up": {"uv": [0, 0, 0, 0], "texture": "#0"},
				"down": {"uv": [0, 0, 0, 0], "texture": "#0"}
			}
		},
		{
			"from": [5, -0.01, 5],
			"to": [11, -0.01, 11],
			"rotation": {"angle": 0, "axis": "y", "origin": [7, 0, 7]},
			"faces": {
				"north": {"uv": [0, 0, 6, 0], "texture": "#1"},
				"east": {"uv": [0, 0, 6, 0], "texture": "#1"},
				"south": {"uv": [0, 0, 6, 0], "texture": "#1"},
				"west": {"uv": [0, 0, 6, 0], "texture": "#1"},
				"up": {"uv": [6, 6, 0, 0], "texture": "#1"},
				"down": {"uv": [6, 6, 0, 12], "texture": "#1"}
			}
		},
		{
			"from": [4, -1.01, 8],
			"to": [6, 0.99, 8],
			"rotation": {"angle": 0, "axis": "y", "origin": [2, -1, 10]},
			"faces": {
				"north": {"uv": [6, 0, 8, 2], "texture": "#1"},
				"east": {"uv": [0, 0, 0, 2], "texture": "#1"},
				"south": {"uv": [8, 0, 6, 2], "texture": "#1"},
				"west": {"uv": [0, 0, 0, 2], "texture": "#1"},
				"up": {"uv": [2, 0, 0, 0], "texture": "#1"},
				"down": {"uv": [2, 0, 0, 0], "texture": "#1"}
			}
		},
		{
			"from": [8, 6.5, 4],
			"to": [8, 13.5, 12],
			"rotation": {"angle": 0, "axis": "y", "origin": [8, 10, 8]},
			"faces": {
				"north": {"uv": [0, 0, 0, 7], "texture": "#2"},
				"east": {"uv": [0, 0, 16, 16], "texture": "#2"},
				"south": {"uv": [0, 0, 0, 7], "texture": "#2"},
				"west": {"uv": [0, 0, 16, 16], "texture": "#2"},
				"up": {"uv": [0, 0, 8, 0], "rotation": 270, "texture": "#2"},
				"down": {"uv": [0, 0, 8, 0], "rotation": 90, "texture": "#2"}
			}
		},
		{
			"from": [4, 6.5, 8],
			"to": [12, 13.5, 8],
			"rotation": {"angle": 0, "axis": "y", "origin": [8, 10, 8]},
			"faces": {
				"north": {"uv": [0, 0, 16, 16], "texture": "#2"},
				"east": {"uv": [0, 0, 0, 7], "texture": "#2"},
				"south": {"uv": [0, 0, 16, 16], "texture": "#2"},
				"west": {"uv": [0, 0, 0, 7], "texture": "#2"},
				"up": {"uv": [0, 0, 8, 0], "texture": "#2"},
				"down": {"uv": [0, 0, 8, 0], "texture": "#2"}
			}
		}
	],
	"gui_light": "front",
	"display": {
		"thirdperson_righthand": {
			"rotation": [-121.87, 81.49, -166.24],
			"translation": [0, 5.75, 6.75]
		},
		"thirdperson_lefthand": {
			"rotation": [168.61, -88.76, 105.82],
			"translation": [0, 6.5, 5.5]
		},
		"firstperson_righthand": {
			"rotation": [-174.11, 70.26, 169.53],
			"translation": [-1.25, 7.6, 1.8],
			"scale": [0.75, 0.75, 0.75]
		},
		"firstperson_lefthand": {
			"rotation": [1.92, -77.17, 10.3],
			"translation": [0, 7.6, 1.55],
			"scale": [0.75, 0.75, 0.75]
		},
		"ground": {
			"translation": [0, 5, 0]
		},
		"gui": {
			"rotation": [30, 225, 0],
			"translation": [0, 4, 0],
			"scale": [1.6, 1.6, 1.6]
		},
		"fixed": {
			"translation": [0, 4.25, 0]
		}
	},
	"groups": [
		0,
		1,
		2,
		3,
		4,
		{
			"name": "group",
			"origin": [2, 0, 10],
			"color": 0,
			"children": [5, 6]
		},
		7,
		8
	],
	"__credit": "Generated using Animated Java (https://animated-java.dev/)"
}