{
	"credit": "Made by Bret06 using Blockbench",
	"textures": {
		"0": "lunareclipse.watching:item/ui/config/icons/advancements/backdrop",
		"3": "lunareclipse.watching:item/ui/config/icons/advancements/backdrop_overlay",
		"4": "lunareclipse.watching:item/ui/config/icons/advancements/trophy",
		"particle": "lunareclipse.watching:item/ui/config/icons/advancements/backdrop"
	},
	"elements": [
		{
			"from": [4, 0, 8],
			"to": [12, 8, 8],
			"rotation": {"angle": 0, "axis": "y", "origin": [4, 0, 8]},
			"faces": {
				"north": {"uv": [0, 0, 16, 16], "texture": "#0"}
			}
		},
		{
			"from": [4, 0, 7.9],
			"to": [12, 8, 7.9],
			"rotation": {"angle": 0, "axis": "y", "origin": [4, 0, 7.9]},
			"faces": {
				"north": {"uv": [0, 0, 16, 16], "texture": "#3"}
			}
		},
		{
			"from": [6.5, 1, 7.3],
			"to": [9.5, 2, 8],
			"rotation": {"angle": 0, "axis": "y", "origin": [6, 0, 6]},
			"faces": {
				"north": {"uv": [5, 12, 11, 14], "texture": "#4"},
				"east": {"uv": [10, 12, 11, 14], "texture": "#4"},
				"west": {"uv": [10, 12, 11, 14], "texture": "#4"},
				"up": {"uv": [11, 12, 5, 14], "texture": "#4"},
				"down": {"uv": [11, 12, 5, 14], "texture": "#4"}
			}
		},
		{
			"from": [7.5, 2, 7.5],
			"to": [8.5, 3, 8],
			"rotation": {"angle": 0, "axis": "y", "origin": [6, 0.5, 6]},
			"faces": {
				"north": {"uv": [7, 10, 9, 12], "texture": "#4"},
				"east": {"uv": [7, 10, 8, 12], "texture": "#4"},
				"west": {"uv": [8, 10, 9, 12], "texture": "#4"}
			}
		},
		{
			"from": [6.5, 3.5, 7.5],
			"to": [9.5, 6.5, 8],
			"rotation": {"angle": 0, "axis": "y", "origin": [6, 4.5, 6]},
			"faces": {
				"north": {"uv": [5, 3, 11, 9], "texture": "#4"},
				"east": {"uv": [5, 3, 6, 9], "texture": "#4"},
				"west": {"uv": [10, 3, 11, 9], "texture": "#4"},
				"up": {"uv": [11, 3, 5, 4], "texture": "#4"},
				"down": {"uv": [5, 8, 11, 9], "texture": "#4"}
			}
		},
		{
			"from": [4, 0, 7.7],
			"to": [12, 8, 7.7],
			"rotation": {"angle": 0, "axis": "y", "origin": [4, 0, 7.7]},
			"faces": {
				"north": {"uv": [0, 0, 16, 16], "texture": "#4"}
			}
		},
		{
			"from": [7, 3, 7.5],
			"to": [9, 3.5, 8],
			"rotation": {"angle": 0, "axis": "y", "origin": [6, 1.5, 6]},
			"faces": {
				"north": {"uv": [6, 9, 10, 10], "texture": "#4"},
				"east": {"uv": [6, 9, 7, 10], "texture": "#4"},
				"west": {"uv": [9, 9, 10, 10], "texture": "#4"},
				"down": {"uv": [6, 9, 10, 10], "texture": "#4"}
			}
		},
		{
			"from": [7, 4.6, 7.4],
			"to": [8, 6.6, 8],
			"rotation": {"angle": 0, "axis": "y", "origin": [6, 4.6, 6]},
			"faces": {
				"north": {"uv": [8, 1, 10, 5], "texture": "#3"},
				"up": {"uv": [8, 1, 10, 2], "texture": "#3"}
			}
		},
		{
			"name": "cube inverted",
			"from": [8, 6.6, 8],
			"to": [7, 4.6, 7.4],
			"rotation": {"angle": 0, "axis": "y", "origin": [6, 4.6, 6]},
			"faces": {
				"south": {"uv": [8, 5, 10, 1], "texture": "#3"},
				"down": {"uv": [10, 1, 8, 2], "texture": "#3"}
			}
		}
	],
	"groups": [
		0,
		1,
		{
			"name": "group",
			"origin": [6, 1.5, 5],
			"color": 0,
			"children": [2, 3, 4, 5, 6]
		},
		7,
		8
	]
}