{
	"credit": "Made by Bret06 using Blockbench",
	"textures": {
		"0": "lunareclipse.watching:item/ui/config/icons/burning_base/backdrop",
		"1": "lunareclipse.watching:item/ui/config/icons/burning_base/grass_block_side",
		"2": "lunareclipse.watching:item/ui/config/icons/burning_base/dirt",
		"3": "lunareclipse.watching:item/ui/config/icons/burning_base/grass_block_top",
		"4": "lunareclipse.watching:item/ui/config/icons/burning_base/oak_planks",
		"6": "lunareclipse.watching:item/ui/config/icons/burning_base/fire_1",
		"7": "lunareclipse.watching:item/ui/config/icons/burning_base/oak_door_bottom",
		"8": "lunareclipse.watching:item/ui/config/icons/burning_base/oak_door_top",
		"9": "lunareclipse.watching:item/ui/config/icons/burning_base/8bit_herobrine",
		"particle": "lunareclipse.watching:item/ui/config/icons/burning_base/backdrop"
	},
	"elements": [
		{
			"from": [4.3, 0, 8],
			"to": [12.3, 8, 8],
			"rotation": {"angle": 0, "axis": "y", "origin": [4.3, 0, 8]},
			"faces": {
				"north": {"uv": [0, 0, 16, 16], "texture": "#0"}
			}
		},
		{
			"name": "Box4",
			"from": [7.6, 3.8, 7.95371],
			"to": [8.93335, 5.8, 8.62036],
			"rotation": {"angle": 0, "axis": "z", "origin": [8.26333, 4.63334, 8.29185]},
			"faces": {
				"north": {"uv": [5, 5, 7, 8], "texture": "#9"},
				"east": {"uv": [4, 5, 5, 8], "texture": "#9"},
				"south": {"uv": [8, 5, 10, 8], "texture": "#9"},
				"west": {"uv": [7, 5, 8, 8], "texture": "#9"},
				"up": {"uv": [7, 5, 5, 4], "texture": "#9"},
				"down": {"uv": [7, 4, 9, 5], "texture": "#9"}
			}
		},
		{
			"name": "Box7",
			"from": [7.6, 1.8, 7.95371],
			"to": [8.26665, 3.8, 8.62036],
			"rotation": {"angle": 0, "axis": "z", "origin": [8.26333, 4.63334, 8.29185]},
			"faces": {
				"north": {"uv": [1, 5, 2, 8], "texture": "#9"},
				"east": {"uv": [0, 5, 1, 8], "texture": "#9"},
				"south": {"uv": [3, 5, 4, 8], "texture": "#9"},
				"west": {"uv": [2, 5, 3, 8], "texture": "#9"},
				"up": {"uv": [2, 5, 1, 4], "texture": "#9"},
				"down": {"uv": [3, 4, 2, 5], "texture": "#9"}
			}
		},
		{
			"name": "Box8",
			"from": [8.265, 1.8, 7.95371],
			"to": [8.93165, 3.8, 8.62036],
			"rotation": {"angle": 0, "axis": "z", "origin": [8.26333, 4.63334, 8.29185]},
			"faces": {
				"north": {"uv": [5, 13, 6, 16], "texture": "#9"},
				"east": {"uv": [4, 13, 5, 16], "texture": "#9"},
				"south": {"uv": [7, 13, 8, 16], "texture": "#9"},
				"west": {"uv": [6, 13, 7, 16], "texture": "#9"},
				"up": {"uv": [6, 13, 5, 12], "texture": "#9"},
				"down": {"uv": [7, 12, 6, 13], "texture": "#9"}
			}
		},
		{
			"name": "Box6",
			"from": [8.88, 3.75, 7.90371],
			"to": [9.64665, 5.85, 8.67036],
			"rotation": {"angle": 0, "axis": "z", "origin": [8.26333, 4.63334, 8.29185]},
			"faces": {
				"north": {"uv": [11, 9, 12, 12], "texture": "#9"},
				"east": {"uv": [10, 9, 11, 12], "texture": "#9"},
				"south": {"uv": [13, 9, 14, 12], "texture": "#9"},
				"west": {"uv": [12, 9, 13, 12], "texture": "#9"},
				"up": {"uv": [12, 9, 11, 8], "texture": "#9"},
				"down": {"uv": [13, 8, 12, 9], "texture": "#9"}
			}
		},
		{
			"name": "Box7",
			"from": [8.93, 3.8, 7.95371],
			"to": [9.59665, 5.8, 8.62036],
			"rotation": {"angle": 0, "axis": "z", "origin": [8.26333, 4.63334, 8.29185]},
			"faces": {
				"north": {"uv": [11, 5, 12, 8], "texture": "#9"},
				"east": {"uv": [10, 5, 11, 8], "texture": "#9"},
				"south": {"uv": [13, 5, 14, 8], "texture": "#9"},
				"west": {"uv": [12, 5, 13, 8], "texture": "#9"},
				"up": {"uv": [12, 5, 11, 4], "texture": "#9"},
				"down": {"uv": [13, 4, 12, 5], "texture": "#9"}
			}
		},
		{
			"name": "Box7",
			"from": [6.88, 3.75, 7.90371],
			"to": [7.64665, 5.85, 8.67036],
			"rotation": {"angle": 0, "axis": "z", "origin": [6.26333, 4.63334, 8.29185]},
			"faces": {
				"north": {"uv": [11, 9, 12, 12], "texture": "#9"},
				"east": {"uv": [10, 9, 11, 12], "texture": "#9"},
				"south": {"uv": [13, 9, 14, 12], "texture": "#9"},
				"west": {"uv": [12, 9, 13, 12], "texture": "#9"},
				"up": {"uv": [12, 9, 11, 8], "texture": "#9"},
				"down": {"uv": [13, 8, 12, 9], "texture": "#9"}
			}
		},
		{
			"name": "Box8",
			"from": [6.93, 3.8, 7.95371],
			"to": [7.59665, 5.8, 8.62036],
			"rotation": {"angle": 0, "axis": "z", "origin": [6.26333, 4.63334, 8.29185]},
			"faces": {
				"north": {"uv": [11, 5, 12, 8], "texture": "#9"},
				"east": {"uv": [10, 5, 11, 8], "texture": "#9"},
				"south": {"uv": [13, 5, 14, 8], "texture": "#9"},
				"west": {"uv": [12, 5, 13, 8], "texture": "#9"},
				"up": {"uv": [12, 5, 11, 4], "texture": "#9"},
				"down": {"uv": [13, 4, 12, 5], "texture": "#9"}
			}
		},
		{
			"name": "Box6",
			"from": [7.65249, 5.8, 7.73],
			"to": [8.98584, 7.13335, 9.06335],
			"rotation": {"angle": 0, "axis": "z", "origin": [8.26333, 4.63334, 8.39185]},
			"faces": {
				"north": {"uv": [2, 2, 4, 4], "texture": "#9"},
				"east": {"uv": [0, 2, 2, 4], "texture": "#9"},
				"south": {"uv": [6, 2, 8, 4], "texture": "#9"},
				"west": {"uv": [4, 2, 6, 4], "texture": "#9"},
				"up": {"uv": [4, 2, 2, 0], "texture": "#9"},
				"down": {"uv": [6, 0, 4, 2], "texture": "#9"}
			}
		},
		{
			"from": [4.5, 0.5, 7.3],
			"to": [7, 3, 9.8],
			"rotation": {"angle": 0, "axis": "y", "origin": [4.5, -0.5, 7.3]},
			"faces": {
				"north": {"uv": [0, 0, 16, 16], "texture": "#1"},
				"east": {"uv": [0, 0, 16, 16], "texture": "#1"},
				"south": {"uv": [0, 0, 16, 16], "texture": "#1"},
				"west": {"uv": [0, 0, 16, 16], "texture": "#1"},
				"up": {"uv": [0, 0, 16, 16], "texture": "#3"},
				"down": {"uv": [0, 0, 16, 16], "texture": "#2"}
			}
		},
		{
			"from": [7, 0.5, 7.3],
			"to": [9.5, 3, 9.8],
			"rotation": {"angle": 0, "axis": "y", "origin": [7, -0.5, 7.3]},
			"faces": {
				"north": {"uv": [0, 0, 16, 16], "texture": "#1"},
				"east": {"uv": [0, 0, 16, 16], "texture": "#1"},
				"south": {"uv": [0, 0, 16, 16], "texture": "#1"},
				"west": {"uv": [0, 0, 16, 16], "texture": "#1"},
				"up": {"uv": [0, 0, 16, 16], "texture": "#3"},
				"down": {"uv": [0, 0, 16, 16], "texture": "#2"}
			}
		},
		{
			"from": [9.5, 0.5, 7.3],
			"to": [12, 3, 9.8],
			"rotation": {"angle": 0, "axis": "y", "origin": [9.5, -0.5, 7.3]},
			"faces": {
				"north": {"uv": [0, 0, 16, 16], "texture": "#1"},
				"east": {"uv": [0, 0, 16, 16], "texture": "#1"},
				"south": {"uv": [0, 0, 16, 16], "texture": "#1"},
				"west": {"uv": [0, 0, 16, 16], "texture": "#1"},
				"up": {"uv": [0, 0, 16, 16], "texture": "#3"},
				"down": {"uv": [0, 0, 16, 16], "texture": "#2"}
			}
		},
		{
			"from": [7, 3, 7.5],
			"to": [9.5, 5.5, 10],
			"rotation": {"angle": 0, "axis": "y", "origin": [7, 3, 7.5]},
			"faces": {
				"north": {"uv": [0, 0, 16, 16], "texture": "#6"},
				"east": {"uv": [0, 0, 16, 16], "texture": "#6"},
				"south": {"uv": [0, 0, 16, 16], "texture": "#6"},
				"west": {"uv": [0, 0, 16, 16], "texture": "#6"},
				"down": {"uv": [0, 0, 16, 16], "texture": "#6"}
			}
		},
		{
			"from": [9.5, 5.2, 7.5],
			"to": [12, 7.7, 10],
			"rotation": {"angle": 0, "axis": "y", "origin": [9.5, 5.2, 7.5]},
			"faces": {
				"north": {"uv": [0, 0, 16, 16], "texture": "#6"},
				"east": {"uv": [0, 0, 16, 16], "texture": "#6"},
				"south": {"uv": [0, 0, 16, 16], "texture": "#6"},
				"west": {"uv": [0, 0, 16, 16], "texture": "#6"},
				"down": {"uv": [0, 0, 16, 16], "texture": "#6"}
			}
		},
		{
			"from": [4.49, 3, 7.4],
			"to": [7.01, 5.5, 9.9],
			"rotation": {"angle": 0, "axis": "y", "origin": [4.5, 3, 7.4]},
			"faces": {
				"north": {"uv": [0, 0, 16, 16], "texture": "#6"},
				"east": {"uv": [0, 0, 16, 16], "texture": "#6"},
				"south": {"uv": [0, 0, 16, 16], "texture": "#6"},
				"west": {"uv": [0, 0, 16, 16], "texture": "#6"},
				"down": {"uv": [0, 0, 16, 16], "texture": "#6"}
			}
		},
		{
			"from": [9.5, 2.7, 7.5],
			"to": [12, 5.2, 10],
			"rotation": {"angle": 0, "axis": "y", "origin": [9.5, 2.7, 7.5]},
			"faces": {
				"north": {"uv": [0, 0, 2, 2], "texture": "#4"},
				"east": {"uv": [0, 0, 2, 2], "texture": "#4"},
				"south": {"uv": [0, 0, 2, 2], "texture": "#4"},
				"west": {"uv": [0, 0, 2, 2], "texture": "#4"},
				"up": {"uv": [0, 0, 2, 2], "texture": "#4"},
				"down": {"uv": [0, 0, 2, 2], "texture": "#4"}
			}
		},
		{
			"from": [7, 2.2, 7.7],
			"to": [9.5, 4.7, 10.2],
			"rotation": {"angle": 0, "axis": "y", "origin": [7, 2.2, 7.7]},
			"faces": {
				"north": {"uv": [0, 0, 16, 16], "texture": "#7"}
			}
		},
		{
			"from": [7, 4.7, 7.7],
			"to": [9.5, 7.2, 10.2],
			"rotation": {"angle": 0, "axis": "y", "origin": [7, 4.7, 7.7]},
			"faces": {
				"north": {"uv": [0, 0, 16, 16], "texture": "#8"}
			}
		},
		{
			"from": [4.5, 2.7, 7.5],
			"to": [7, 7.2, 10],
			"rotation": {"angle": 0, "axis": "y", "origin": [4.5, 2.7, 7.5]},
			"faces": {
				"north": {"uv": [0, 0, 2, 4], "texture": "#4"},
				"east": {"uv": [0, 0, 2, 4], "texture": "#4"},
				"south": {"uv": [0, 0, 2, 4], "texture": "#4"},
				"west": {"uv": [0, 0, 2, 4], "texture": "#4"},
				"up": {"uv": [0, 0, 2, 2], "texture": "#4"},
				"down": {"uv": [0, 0, 2, 2], "texture": "#4"}
			}
		}
	],
	"groups": [
		0,
		{
			"name": "bone7",
			"origin": [-7, 0, -7],
			"color": 0,
			"children": [
				{
					"name": "bone6",
					"origin": [-7, 0, -7],
					"color": 0,
					"children": [1]
				},
				{
					"name": "bone3",
					"origin": [-5, -6, 1],
					"color": 0,
					"children": [2]
				},
				{
					"name": "bone3",
					"origin": [-5, -6, 1],
					"color": 0,
					"children": [3]
				},
				{
					"name": "bone3",
					"origin": [-5, -6, 1],
					"color": 0,
					"children": [4, 5]
				},
				{
					"name": "bone3",
					"origin": [-5, -6, 1],
					"color": 0,
					"children": [6, 7]
				},
				{
					"name": "bone",
					"origin": [-7, 1, -7],
					"color": 0,
					"children": [8]
				}
			]
		},
		9,
		10,
		11,
		12,
		13,
		14,
		15,
		16,
		17,
		18
	]
}