{
	"credit": "Made by Bret06 using Blockbench",
	"textures": {
		"0": "lunareclipse.watching:item/ui/config/icons/fearful_footsteps/backdrop_old",
		"2": "lunareclipse.watching:item/ui/config/icons/fearful_footsteps/skin",
		"3": "lunareclipse.watching:item/ui/config/icons/fearful_footsteps/backdrop_overlay",
		"4": "lunareclipse.watching:item/ui/config/icons/fearful_footsteps/effects",
		"5": "lunareclipse.watching:item/ui/config/icons/fearful_footsteps/short_grass",
		"particle": "lunareclipse.watching:item/ui/config/icons/fearful_footsteps/backdrop_old"
	},
	"elements": [
		{
			"from": [4, 0, 8],
			"to": [12, 8, 8],
			"rotation": {"angle": 0, "axis": "y", "origin": [4, 0, 8]},
			"faces": {
				"north": {"uv": [0, 0, 16, 16], "texture": "#0"}
			}
		},
		{
			"from": [3.9, 0.2, 7.8],
			"to": [11.9, 8.2, 7.8],
			"rotation": {"angle": 22.5, "axis": "z", "origin": [7.9, 4.2, 7.8]},
			"faces": {
				"north": {"uv": [0, 0, 16, 16], "texture": "#4"},
				"east": {"uv": [0, 0, 0, 0], "texture": "#4"},
				"south": {"uv": [0, 0, 0, 0], "texture": "#4"},
				"west": {"uv": [0, 0, 0, 0], "texture": "#4"},
				"up": {"uv": [0, 0, 0, 0], "texture": "#4"},
				"down": {"uv": [0, 0, 0, 0], "texture": "#4"}
			}
		},
		{
			"from": [4, 0, 7.85],
			"to": [12, 8, 7.85],
			"rotation": {"angle": 0, "axis": "y", "origin": [4, 0, 7.9]},
			"faces": {
				"north": {"uv": [0, 0, 16, 16], "texture": "#3"}
			}
		},
		{
			"from": [4, 0.6, 7.8],
			"to": [12, 8.6, 7.8],
			"rotation": {"angle": 0, "axis": "y", "origin": [4, 0.6, 7.9]},
			"faces": {
				"north": {"uv": [0, 0, 16, 16], "texture": "#5"}
			}
		},
		{
			"from": [4, 0.15, 7.8],
			"to": [12, 1.15, 7.8],
			"rotation": {"angle": -45, "axis": "x", "origin": [8, 1.1, 7.85]},
			"faces": {
				"north": {"uv": [0, 14, 16, 16], "texture": "#5"}
			}
		},
		{
			"from": [6.6, 0.8, 7.95],
			"to": [8.6, 6.8, 8.95],
			"rotation": {"angle": 22.5, "axis": "z", "origin": [7.6, 5.8, 8.4]},
			"faces": {
				"north": {"uv": [0, 5, 1, 8], "texture": "#2"},
				"east": {"uv": [3.5, 5, 4, 8], "texture": "#2"},
				"south": {"uv": [0, 0, 2, 6], "texture": "#2"},
				"west": {"uv": [1, 5, 1.5, 8], "texture": "#2"},
				"up": {"uv": [1, 4.5, 2, 5], "texture": "#2"},
				"down": {"uv": [2, 4.5, 3, 5], "texture": "#2"}
			}
		},
		{
			"from": [6, 1, 7.9],
			"to": [8, 7, 8.9],
			"rotation": {"angle": 0, "axis": "z", "origin": [7, 6, 8.4]},
			"faces": {
				"north": {"uv": [0, 5, 1, 8], "texture": "#2"},
				"east": {"uv": [3.5, 5, 4, 8], "texture": "#2"},
				"south": {"uv": [0, 0, 2, 6], "texture": "#2"},
				"west": {"uv": [1, 5, 1.5, 8], "texture": "#2"},
				"up": {"uv": [1, 4.5, 2, 5], "texture": "#2"},
				"down": {"uv": [2, 4.5, 3, 5], "texture": "#2"}
			}
		}
	],
	"groups": [
		0,
		1,
		2,
		{
			"name": "group",
			"origin": [8, 1.2, 7.65],
			"color": 0,
			"children": [3, 4]
		},
		5,
		6
	]
}