{
	"credit": "Made by Bret06 using Blockbench",
	"textures": {
		"0": "lunareclipse.watching:item/ui/config/icons/ghost_miner/backdrop2",
		"4": "lunareclipse.watching:item/ui/config/icons/ghost_miner/eyes",
		"5": "lunareclipse.watching:item/ui/config/icons/ghost_miner/dirt",
		"6": "lunareclipse.watching:item/ui/config/icons/ghost_miner/back_overlay",
		"particle": "lunareclipse.watching:item/ui/config/icons/ghost_miner/backdrop2"
	},
	"elements": [
		{
			"from": [4, 0, 8],
			"to": [12, 8, 8],
			"rotation": {"angle": 0, "axis": "y", "origin": [4, 0, 8]},
			"faces": {
				"north": {"uv": [0, 0, 16, 16], "texture": "#0"}
			}
		},
		{
			"from": [4, 0, 7.5],
			"to": [12, 8, 7.5],
			"rotation": {"angle": 0, "axis": "y", "origin": [4, 0, 7.5]},
			"faces": {
				"north": {"uv": [0, 0, 16, 16], "texture": "#6"}
			}
		},
		{
			"from": [3.9, -0.1, 7.4],
			"to": [12.1, 8.1, 7.6],
			"rotation": {"angle": 0, "axis": "y", "origin": [4, 0, 7.5]},
			"faces": {
				"north": {"uv": [0, 0, 16, 16], "texture": "#5"}
			}
		},
		{
			"from": [5, 1, 7.9],
			"to": [11, 7, 7.9],
			"rotation": {"angle": 0, "axis": "y", "origin": [5, 1, 7.9]},
			"faces": {
				"north": {"uv": [0, 0, 16, 16], "texture": "#4"}
			}
		},
		{
			"from": [10, 0.5, 7.5],
			"to": [10.5, 7.5, 8],
			"rotation": {"angle": 0, "axis": "y", "origin": [4, 0, 8]},
			"faces": {
				"north": {"uv": [3, 1, 4, 15], "texture": "#0"},
				"west": {"uv": [3, 1, 4, 15], "texture": "#0"},
				"up": {"uv": [4, 1, 3, 2], "texture": "#0"},
				"down": {"uv": [4, 14, 3, 15], "texture": "#0"}
			}
		},
		{
			"from": [9.5, 4.5, 7.5],
			"to": [10, 6.5, 8],
			"rotation": {"angle": 0, "axis": "y", "origin": [3.5, 0, 8]},
			"faces": {
				"north": {"uv": [4, 3, 5, 7], "texture": "#0"},
				"west": {"uv": [4, 3, 5, 7], "texture": "#0"},
				"up": {"uv": [4, 3, 5, 4], "texture": "#0"},
				"down": {"uv": [4, 6, 5, 7], "texture": "#0"}
			}
		},
		{
			"from": [9, 4.5, 7.7],
			"to": [9.5, 6.5, 8],
			"rotation": {"angle": 0, "axis": "y", "origin": [3, 0, 8]},
			"faces": {
				"north": {"uv": [5, 3, 6, 7], "texture": "#0"},
				"west": {"uv": [5, 3, 6, 7], "texture": "#0"},
				"up": {"uv": [5, 3, 6, 4], "texture": "#0"},
				"down": {"uv": [5, 6, 6, 7], "texture": "#0"}
			}
		},
		{
			"from": [9.5, 1.5, 7.7],
			"to": [10, 4.5, 8],
			"rotation": {"angle": 0, "axis": "y", "origin": [3.5, -2, 8]},
			"faces": {
				"north": {"uv": [4, 7, 5, 13], "texture": "#0"},
				"west": {"uv": [4, 7, 5, 13], "texture": "#0"},
				"up": {"uv": [4, 7, 5, 8], "texture": "#0"},
				"down": {"uv": [4, 12, 5, 13], "texture": "#0"}
			}
		},
		{
			"from": [5.5, 0.5, 7.5],
			"to": [6, 7.5, 8],
			"rotation": {"angle": 0, "axis": "y", "origin": [-0.5, 0, 8]},
			"faces": {
				"north": {"uv": [12, 1, 13, 15], "texture": "#0"},
				"east": {"uv": [12, 1, 13, 15], "texture": "#0"},
				"up": {"uv": [4, 1, 3, 2], "texture": "#0"},
				"down": {"uv": [4, 14, 3, 15], "texture": "#0"}
			}
		},
		{
			"from": [6, 5, 7.5],
			"to": [6.5, 6.5, 8],
			"rotation": {"angle": 0, "axis": "y", "origin": [0, 0, 8]},
			"faces": {
				"north": {"uv": [11, 3, 12, 6], "texture": "#0"},
				"east": {"uv": [11, 3, 12, 6], "texture": "#0"},
				"up": {"uv": [11, 3, 12, 4], "texture": "#0"},
				"down": {"uv": [11, 5, 12, 6], "texture": "#0"}
			}
		},
		{
			"from": [6, 3, 7.7],
			"to": [6.5, 5, 8],
			"rotation": {"angle": 0, "axis": "y", "origin": [0, -2, 8]},
			"faces": {
				"north": {"uv": [11, 6, 12, 10], "texture": "#0"},
				"east": {"uv": [11, 6, 12, 10], "texture": "#0"},
				"up": {"uv": [11, 6, 12, 7], "texture": "#0"},
				"down": {"uv": [11, 9, 12, 10], "texture": "#0"}
			}
		},
		{
			"from": [6.5, 2, 7.7],
			"to": [7, 3, 8],
			"rotation": {"angle": 0, "axis": "y", "origin": [0.5, -3, 8]},
			"faces": {
				"north": {"uv": [10, 10, 11, 12], "texture": "#0"},
				"east": {"uv": [10, 10, 11, 12], "texture": "#0"},
				"up": {"uv": [10, 10, 11, 11], "texture": "#0"},
				"down": {"uv": [10, 10, 11, 11], "texture": "#0"}
			}
		},
		{
			"from": [6.5, 5, 7.7],
			"to": [7, 6, 8],
			"rotation": {"angle": 0, "axis": "y", "origin": [0.5, -1, 8]},
			"faces": {
				"north": {"uv": [10, 4, 11, 6], "texture": "#0"},
				"east": {"uv": [10, 4, 11, 6], "texture": "#0"},
				"up": {"uv": [10, 4, 11, 5], "texture": "#0"},
				"down": {"uv": [10, 5, 11, 6], "texture": "#0"}
			}
		},
		{
			"from": [7, 6, 7.7],
			"to": [9, 6.5, 8],
			"rotation": {"angle": 0, "axis": "y", "origin": [1.5, -0.5, 8]},
			"faces": {
				"north": {"uv": [6, 3, 10, 4], "texture": "#0"},
				"east": {"uv": [6, 3, 10, 4], "texture": "#0"},
				"up": {"uv": [6, 3, 10, 4], "texture": "#0"},
				"down": {"uv": [10, 3, 6, 4], "texture": "#0"}
			}
		},
		{
			"from": [6.5, 1.5, 7.7],
			"to": [9.5, 2, 8],
			"rotation": {"angle": 0, "axis": "y", "origin": [2, -5, 8]},
			"faces": {
				"north": {"uv": [5, 12, 11, 13], "texture": "#0"},
				"east": {"uv": [5, 12, 11, 13], "texture": "#0"},
				"up": {"uv": [5, 12, 11, 13], "texture": "#0"},
				"down": {"uv": [5, 12, 11, 13], "texture": "#0"}
			}
		},
		{
			"from": [6.5, 6, 7.5],
			"to": [7, 6.5, 8],
			"rotation": {"angle": 0, "axis": "y", "origin": [0.5, 0, 8]},
			"faces": {
				"north": {"uv": [10, 3, 11, 4], "texture": "#0"},
				"east": {"uv": [10, 3, 11, 4], "texture": "#0"},
				"up": {"uv": [10, 3, 11, 4], "texture": "#0"},
				"down": {"uv": [10, 3, 11, 4], "texture": "#0"}
			}
		},
		{
			"from": [6, 1.5, 7.5],
			"to": [6.5, 3, 8],
			"rotation": {"angle": 0, "axis": "y", "origin": [0, -3.5, 8]},
			"faces": {
				"north": {"uv": [11, 10, 12, 13], "texture": "#0"},
				"east": {"uv": [11, 10, 12, 13], "texture": "#0"},
				"up": {"uv": [11, 10, 12, 11], "texture": "#0"}
			}
		},
		{
			"from": [5.5, 0.5, 7.5],
			"to": [10.5, 1.5, 8],
			"rotation": {"angle": 0, "axis": "y", "origin": [4, 0, 8]},
			"faces": {
				"north": {"uv": [3, 13, 13, 15], "texture": "#0"},
				"east": {"uv": [3, 13, 4, 15], "texture": "#0"},
				"west": {"uv": [11, 13, 12, 15], "texture": "#0"},
				"up": {"uv": [13, 2, 3, 3], "texture": "#0"},
				"down": {"uv": [13, 14, 3, 15], "texture": "#0"}
			}
		},
		{
			"from": [5.5, 6.5, 7.5],
			"to": [10.5, 7.5, 8],
			"rotation": {"angle": 0, "axis": "y", "origin": [4, 6, 8]},
			"faces": {
				"north": {"uv": [3, 1, 13, 3], "texture": "#0"},
				"east": {"uv": [3, 1, 4, 3], "texture": "#0"},
				"west": {"uv": [11, 1, 12, 3], "texture": "#0"},
				"up": {"uv": [13, 1, 3, 2], "texture": "#0"},
				"down": {"uv": [13, 13, 3, 14], "texture": "#0"}
			}
		},
		{
			"from": [10.5, 1.5, 7.5],
			"to": [11.5, 6.5, 8],
			"rotation": {"angle": 0, "axis": "y", "origin": [5, 0, 8]},
			"faces": {
				"north": {"uv": [1, 3, 3, 13], "texture": "#0"},
				"east": {"uv": [2, 3, 1, 13], "texture": "#0"},
				"up": {"uv": [3, 3, 1, 4], "texture": "#0"},
				"down": {"uv": [3, 11, 1, 13], "texture": "#0"}
			}
		},
		{
			"from": [10.5, 1, 7.5],
			"to": [11, 1.5, 8],
			"rotation": {"angle": 0, "axis": "y", "origin": [5, -4.5, 8]},
			"faces": {
				"north": {"uv": [2, 13, 3, 14], "texture": "#0"},
				"east": {"uv": [2, 13, 3, 14], "texture": "#0"},
				"up": {"uv": [2, 13, 3, 14], "texture": "#0"},
				"down": {"uv": [2, 13, 3, 14], "texture": "#0"}
			}
		},
		{
			"from": [10.5, 6.5, 7.5],
			"to": [11, 7, 8],
			"rotation": {"angle": 0, "axis": "y", "origin": [5, 1, 8]},
			"faces": {
				"north": {"uv": [2, 2, 3, 3], "texture": "#0"},
				"east": {"uv": [2, 2, 3, 3], "texture": "#0"},
				"up": {"uv": [2, 2, 3, 3], "texture": "#0"},
				"down": {"uv": [2, 2, 3, 3], "texture": "#0"}
			}
		},
		{
			"from": [4.5, 1.5, 7.5],
			"to": [5.5, 6.5, 8],
			"rotation": {"angle": 0, "axis": "y", "origin": [11, 0, 8]},
			"faces": {
				"north": {"uv": [13, 3, 15, 13], "texture": "#0"},
				"west": {"uv": [1, 3, 2, 13], "texture": "#0"},
				"up": {"uv": [1, 3, 3, 4], "texture": "#0"},
				"down": {"uv": [1, 11, 3, 13], "texture": "#0"}
			}
		},
		{
			"from": [5, 1, 7.5],
			"to": [5.5, 1.5, 8],
			"rotation": {"angle": 0, "axis": "y", "origin": [11, -4.5, 8]},
			"faces": {
				"north": {"uv": [14, 13, 13, 14], "texture": "#0"},
				"west": {"uv": [3, 13, 2, 14], "texture": "#0"},
				"up": {"uv": [3, 13, 2, 14], "texture": "#0"},
				"down": {"uv": [3, 13, 2, 14], "texture": "#0"}
			}
		},
		{
			"from": [5, 6.5, 7.5],
			"to": [5.5, 7, 8],
			"rotation": {"angle": 0, "axis": "y", "origin": [11, 1, 8]},
			"faces": {
				"north": {"uv": [14, 2, 13, 3], "texture": "#0"},
				"west": {"uv": [3, 2, 2, 3], "texture": "#0"},
				"up": {"uv": [3, 2, 2, 3], "texture": "#0"},
				"down": {"uv": [3, 2, 2, 3], "texture": "#0"}
			}
		}
	],
	"groups": [
		0,
		1,
		2,
		3,
		4,
		5,
		6,
		7,
		8,
		9,
		10,
		11,
		12,
		13,
		14,
		15,
		16,
		17,
		18,
		{
			"name": "group",
			"origin": [5, 1, 8],
			"color": 0,
			"children": [19, 20, 21]
		},
		{
			"name": "group",
			"origin": [5, 1, 8],
			"color": 0,
			"children": [22, 23, 24]
		}
	]
}