{
	"credit": "Made by Bret06 using Blockbench",
	"textures": {
		"0": "lunareclipse.watching:item/ui/config/icons/leafless_grove/backdrop_day",
		"4": "lunareclipse.watching:item/ui/config/icons/sightings/grass_block_side",
		"5": "lunareclipse.watching:item/ui/config/icons/sightings/grass_block_top",
		"6": "lunareclipse.watching:item/ui/config/icons/sightings/dirt",
		"7": "lunareclipse.watching:item/ui/config/icons/sightings/oak_log",
		"8": "lunareclipse.watching:item/ui/config/icons/sightings/oak_log_top",
		"9": "lunareclipse.watching:item/ui/config/icons/leafless_grove/birch_log",
		"10": "lunareclipse.watching:item/ui/config/icons/leafless_grove/birch_log_top",
		"particle": "lunareclipse.watching:item/ui/config/icons/leafless_grove/backdrop_day"
	},
	"elements": [
		{
			"from": [4.3, 0, 8],
			"to": [12.3, 8, 8],
			"rotation": {"angle": 0, "axis": "y", "origin": [4.3, 0, 8]},
			"faces": {
				"north": {"uv": [0, 0, 16, 16], "texture": "#0"}
			}
		},
		{
			"from": [7, 0.5, 7.5],
			"to": [9.5, 3, 10],
			"rotation": {"angle": 0, "axis": "y", "origin": [7, 0.5, 7.5]},
			"faces": {
				"north": {"uv": [0, 0, 16, 16], "texture": "#4"},
				"east": {"uv": [0, 0, 16, 16], "texture": "#4"},
				"south": {"uv": [0, 0, 16, 16], "texture": "#4"},
				"west": {"uv": [0, 0, 16, 16], "texture": "#4"},
				"up": {"uv": [0, 0, 16, 16], "texture": "#5"},
				"down": {"uv": [0, 0, 16, 16], "texture": "#6"}
			}
		},
		{
			"from": [4.5, 0.5, 7.5],
			"to": [7, 3, 10],
			"rotation": {"angle": 0, "axis": "y", "origin": [4.5, 0.5, 7.5]},
			"faces": {
				"north": {"uv": [0, 0, 16, 16], "texture": "#4"},
				"east": {"uv": [0, 0, 16, 16], "texture": "#4"},
				"south": {"uv": [0, 0, 16, 16], "texture": "#4"},
				"west": {"uv": [0, 0, 16, 16], "texture": "#4"},
				"up": {"uv": [0, 0, 16, 16], "texture": "#5"},
				"down": {"uv": [0, 0, 16, 16], "texture": "#6"}
			}
		},
		{
			"from": [9, 2.1, 7.7],
			"to": [11.5, 4.6, 10.2],
			"rotation": {"angle": 0, "axis": "y", "origin": [9, 2.1, 7.7]},
			"faces": {
				"north": {"uv": [0, 0, 16, 16], "texture": "#7"},
				"east": {"uv": [0, 0, 16, 16], "texture": "#7"},
				"south": {"uv": [0, 0, 16, 16], "texture": "#7"},
				"west": {"uv": [0, 0, 16, 16], "texture": "#7"},
				"up": {"uv": [0, 0, 16, 16], "texture": "#7"},
				"down": {"uv": [0, 0, 16, 16], "texture": "#7"}
			}
		},
		{
			"from": [9, 4.6, 7.7],
			"to": [11.5, 7.1, 10.2],
			"rotation": {"angle": 0, "axis": "y", "origin": [9, 4.6, 7.7]},
			"faces": {
				"north": {"uv": [0, 0, 16, 16], "texture": "#7"},
				"east": {"uv": [0, 0, 16, 16], "texture": "#7"},
				"south": {"uv": [0, 0, 16, 16], "texture": "#7"},
				"west": {"uv": [0, 0, 16, 16], "texture": "#7"},
				"up": {"uv": [0, 0, 16, 16], "texture": "#8"},
				"down": {"uv": [0, 0, 16, 16], "texture": "#7"}
			}
		},
		{
			"from": [5, 1, 7.7],
			"to": [7.5, 3.5, 10.2],
			"rotation": {"angle": 0, "axis": "y", "origin": [5, 1, 7.7]},
			"faces": {
				"north": {"uv": [0, 0, 16, 16], "texture": "#9"},
				"east": {"uv": [0, 0, 16, 16], "texture": "#9"},
				"south": {"uv": [0, 0, 16, 16], "texture": "#9"},
				"west": {"uv": [0, 0, 16, 16], "texture": "#9"},
				"up": {"uv": [0, 0, 16, 16], "texture": "#10"},
				"down": {"uv": [0, 0, 16, 16], "texture": "#10"}
			}
		},
		{
			"from": [5, 3.5, 7.7],
			"to": [7.5, 6, 10.2],
			"rotation": {"angle": 0, "axis": "y", "origin": [5, 3.5, 7.7]},
			"faces": {
				"north": {"uv": [0, 0, 16, 16], "texture": "#9"},
				"east": {"uv": [0, 0, 16, 16], "texture": "#9"},
				"south": {"uv": [0, 0, 16, 16], "texture": "#9"},
				"west": {"uv": [0, 0, 16, 16], "texture": "#9"},
				"up": {"uv": [0, 0, 16, 16], "texture": "#10"},
				"down": {"uv": [0, 0, 16, 16], "texture": "#10"}
			}
		},
		{
			"from": [9.5, 0.5, 7.5],
			"to": [12, 3, 10],
			"rotation": {"angle": 0, "axis": "y", "origin": [9.5, 0.5, 7.5]},
			"faces": {
				"north": {"uv": [0, 0, 16, 16], "texture": "#4"},
				"east": {"uv": [0, 0, 16, 16], "texture": "#4"},
				"south": {"uv": [0, 0, 16, 16], "texture": "#4"},
				"west": {"uv": [0, 0, 16, 16], "texture": "#4"},
				"up": {"uv": [0, 0, 16, 16], "texture": "#5"},
				"down": {"uv": [0, 0, 16, 16], "texture": "#6"}
			}
		}
	]
}