{
	"format_version": "1.21.6",
	"credit": "Made by Bret06 using Blockbench",
	"textures": {
		"0": "lunareclipse.watching:item/ui/config/icons/lights_out/candle",
		"1": "lunareclipse.watching:item/ui/config/icons/lights_out/backdrop",
		"3": "lunareclipse.watching:item/ui/config/icons/lights_out/crafting_table_front",
		"4": "lunareclipse.watching:item/ui/config/icons/lights_out/backdrop_border",
		"5": "lunareclipse.watching:item/ui/config/icons/lights_out/flame",
		"particle": "lunareclipse.watching:item/ui/config/icons/lights_out/candle"
	},
	"elements": [
		{
			"from": [4, 0, 8],
			"to": [12, 8, 8],
			"rotation": {"angle": 0, "axis": "y", "origin": [4, 0, 8]},
			"faces": {
				"north": {"uv": [0, 0, 16, 16], "texture": "#1"}
			}
		},
		{
			"from": [4, 0, 7.8],
			"to": [12, 8, 7.8],
			"rotation": {"angle": 0, "axis": "y", "origin": [4, 0, 7.8]},
			"faces": {
				"north": {"uv": [0, 0, 16, 16], "texture": "#4"}
			}
		},
		{
			"from": [4.5, 0.5, 7],
			"to": [11.5, 2, 8],
			"rotation": {"angle": 0, "axis": "y", "origin": [4, 0, 8]},
			"faces": {
				"north": {"uv": [1, 2, 15, 5], "texture": "#3"},
				"east": {"uv": [2, 2, 0, 5], "texture": "#3"},
				"south": {"uv": [0, 0, 0, 0], "texture": "#3"},
				"west": {"uv": [14, 2, 16, 5], "texture": "#3"},
				"up": {"uv": [15, 2, 1, 0], "texture": "#3"},
				"down": {"uv": [15, 3, 1, 5], "texture": "#3"}
			}
		},
		{
			"from": [7.5, 1, 7.4],
			"to": [8.5, 3, 8.4],
			"rotation": {"angle": -45, "axis": "y", "origin": [7.92877, 2.5, 7.88536]},
			"faces": {
				"north": {"uv": [0, 8, 2, 13], "texture": "#0"},
				"east": {"uv": [2, 8, 4, 13], "texture": "#0"},
				"south": {"uv": [0, 8, 2, 13], "texture": "#0"},
				"west": {"uv": [2, 8, 4, 13], "texture": "#0"},
				"up": {"uv": [0, 6, 2, 8], "texture": "#0"},
				"down": {"uv": [0, 14, 2, 16], "texture": "#0", "cullface": "down"}
			}
		},
		{
			"from": [7.45, 0, 7.35],
			"to": [8.55, 3.1, 8.45],
			"rotation": {"angle": -45, "axis": "y", "origin": [7.92877, 2.5, 7.88536]},
			"faces": {
				"north": {"uv": [8, 0, 10, 6], "texture": "#0"},
				"east": {"uv": [10, 0, 12, 6], "texture": "#0"},
				"south": {"uv": [8, 0, 10, 6], "texture": "#0"},
				"west": {"uv": [10, 0, 12, 6], "texture": "#0"},
				"up": {"uv": [0, 6, 2, 8], "texture": "#0"}
			}
		},
		{
			"from": [7.98949, 3, 7.2239],
			"to": [7.98949, 4, 8.2239],
			"rotation": {"angle": 0, "axis": "y", "origin": [7.92877, 2.5, 7.88536]},
			"faces": {
				"north": {"uv": [0, 0, 0, 0], "texture": "#0"},
				"east": {"uv": [0, 4, 2, 6], "texture": "#0"},
				"south": {"uv": [0, 0, 0, 0], "texture": "#0"},
				"west": {"uv": [2, 4, 0, 6], "texture": "#0"},
				"up": {"uv": [0, 0, 0, 0], "rotation": 90, "texture": "#0"},
				"down": {"uv": [0, 0, 0, 0], "rotation": 270, "texture": "#0"}
			}
		},
		{
			"from": [7.26731, 3, 7.94608],
			"to": [8.26731, 4, 7.94608],
			"rotation": {"angle": 0, "axis": "y", "origin": [7.92877, 2.5, 7.88536]},
			"faces": {
				"north": {"uv": [0, 4, 2, 6], "texture": "#0"},
				"east": {"uv": [0, 0, 0, 0], "texture": "#0"},
				"south": {"uv": [2, 4, 0, 6], "texture": "#0"},
				"west": {"uv": [0, 0, 0, 0], "texture": "#0"},
				"up": {"uv": [0, 0, 0, 0], "texture": "#0"},
				"down": {"uv": [0, 0, 0, 0], "texture": "#0"}
			}
		},
		{
			"from": [6.3, 3.2, 7.7],
			"to": [9.8, 6.7, 7.7],
			"rotation": {"angle": 0, "axis": "y", "origin": [6.3, 3.2, 7.7]},
			"faces": {
				"north": {"uv": [0, 0, 16, 16], "texture": "#5"},
				"east": {"uv": [0, 0, 0, 4], "texture": "#5"},
				"west": {"uv": [0, 0, 0, 4], "texture": "#5"},
				"up": {"uv": [0, 0, 4, 0], "texture": "#5"},
				"down": {"uv": [0, 0, 4, 0], "texture": "#5"}
			}
		}
	],
	"groups": [
		0,
		1,
		2,
		{
			"name": "group",
			"origin": [8, 8, 8],
			"color": 0,
			"children": [
				3,
				4,
				{
					"name": "group",
					"origin": [8, 6, 8],
					"color": 0,
					"children": [
						5,
						6,
						{
							"name": "group",
							"origin": [9, 6, 5],
							"color": 0,
							"children": []
						}
					]
				},
				{
					"name": "group",
					"origin": [2, 0, 10],
					"color": 0,
					"children": []
				},
				7
			]
		}
	]
}