{
	"credit": "Made by Bret06 using Blockbench",
	"textures": {
		"0": "lunareclipse.watching:item/ui/config/icons/sightings/backdrop",
		"1": "lunareclipse.watching:item/ui/config/icons/leafless_grove/8bit_herobrine",
		"4": "lunareclipse.watching:item/ui/config/icons/leafless_grove/grass_block_side",
		"5": "lunareclipse.watching:item/ui/config/icons/leafless_grove/grass_block_top",
		"6": "lunareclipse.watching:item/ui/config/icons/leafless_grove/dirt",
		"7": "lunareclipse.watching:item/ui/config/icons/leafless_grove/oak_log",
		"8": "lunareclipse.watching:item/ui/config/icons/leafless_grove/oak_log_top",
		"particle": "lunareclipse.watching:item/ui/config/icons/sightings/backdrop"
	},
	"elements": [
		{
			"from": [4, 0, 8],
			"to": [12, 8, 8],
			"rotation": {"angle": 0, "axis": "y", "origin": [4, 0, 8]},
			"faces": {
				"north": {"uv": [0, 0, 16, 16], "texture": "#0"}
			}
		},
		{
			"name": "Box4",
			"from": [6.1, 3.8, 7.95371],
			"to": [7.43335, 5.8, 8.62036],
			"rotation": {"angle": 22.5, "axis": "z", "origin": [6.76333, 4.63334, 8.29185]},
			"faces": {
				"north": {"uv": [5, 5, 7, 8], "texture": "#1"},
				"east": {"uv": [4, 5, 5, 8], "texture": "#1"},
				"south": {"uv": [8, 5, 10, 8], "texture": "#1"},
				"west": {"uv": [7, 5, 8, 8], "texture": "#1"},
				"up": {"uv": [7, 5, 5, 4], "texture": "#1"},
				"down": {"uv": [7, 4, 9, 5], "texture": "#1"}
			}
		},
		{
			"name": "Box5",
			"from": [5.64955, 4.82131, 7.52103],
			"to": [7.74955, 5.58796, 8.28768],
			"rotation": {"angle": 22.5, "axis": "y", "origin": [5.77567, 5.20463, 8.28703]},
			"faces": {
				"north": {"uv": [14, 13, 15, 16], "rotation": 90, "texture": "#1"},
				"east": {"uv": [15, 12, 14, 13], "rotation": 180, "texture": "#1"},
				"south": {"uv": [12, 13, 13, 16], "rotation": 270, "texture": "#1"},
				"west": {"uv": [14, 13, 13, 12], "texture": "#1"},
				"up": {"uv": [13, 13, 14, 16], "rotation": 270, "texture": "#1"},
				"down": {"uv": [15, 13, 16, 16], "rotation": 270, "texture": "#1"}
			}
		},
		{
			"name": "Box6",
			"from": [5.69955, 4.87131, 7.57103],
			"to": [7.69955, 5.53796, 8.23768],
			"rotation": {"angle": 22.5, "axis": "y", "origin": [5.77567, 5.20463, 8.28703]},
			"faces": {
				"north": {"uv": [10, 13, 11, 16], "rotation": 90, "texture": "#1"},
				"east": {"uv": [11, 12, 10, 13], "rotation": 180, "texture": "#1"},
				"south": {"uv": [8, 13, 9, 16], "rotation": 270, "texture": "#1"},
				"west": {"uv": [10, 13, 9, 12], "texture": "#1"},
				"up": {"uv": [9, 13, 10, 16], "rotation": 270, "texture": "#1"},
				"down": {"uv": [11, 13, 12, 16], "rotation": 270, "texture": "#1"}
			}
		},
		{
			"name": "Box7",
			"from": [6.1, 1.8, 7.95371],
			"to": [6.76665, 3.8, 8.62036],
			"rotation": {"angle": 22.5, "axis": "z", "origin": [6.76333, 4.63334, 8.29185]},
			"faces": {
				"north": {"uv": [1, 5, 2, 8], "texture": "#1"},
				"east": {"uv": [0, 5, 1, 8], "texture": "#1"},
				"south": {"uv": [3, 5, 4, 8], "texture": "#1"},
				"west": {"uv": [2, 5, 3, 8], "texture": "#1"},
				"up": {"uv": [2, 5, 1, 4], "texture": "#1"},
				"down": {"uv": [3, 4, 2, 5], "texture": "#1"}
			}
		},
		{
			"name": "Box8",
			"from": [6.765, 1.8, 7.95371],
			"to": [7.43165, 3.8, 8.62036],
			"rotation": {"angle": 22.5, "axis": "z", "origin": [6.76333, 4.63334, 8.29185]},
			"faces": {
				"north": {"uv": [5, 13, 6, 16], "texture": "#1"},
				"east": {"uv": [4, 13, 5, 16], "texture": "#1"},
				"south": {"uv": [7, 13, 8, 16], "texture": "#1"},
				"west": {"uv": [6, 13, 7, 16], "texture": "#1"},
				"up": {"uv": [6, 13, 5, 12], "texture": "#1"},
				"down": {"uv": [7, 12, 6, 13], "texture": "#1"}
			}
		},
		{
			"name": "Box6",
			"from": [7.38, 3.75, 7.90371],
			"to": [8.14665, 5.85, 8.67036],
			"rotation": {"angle": 22.5, "axis": "z", "origin": [6.76333, 4.63334, 8.29185]},
			"faces": {
				"north": {"uv": [11, 9, 12, 12], "texture": "#1"},
				"east": {"uv": [10, 9, 11, 12], "texture": "#1"},
				"south": {"uv": [13, 9, 14, 12], "texture": "#1"},
				"west": {"uv": [12, 9, 13, 12], "texture": "#1"},
				"up": {"uv": [12, 9, 11, 8], "texture": "#1"},
				"down": {"uv": [13, 8, 12, 9], "texture": "#1"}
			}
		},
		{
			"name": "Box7",
			"from": [7.43, 3.8, 7.95371],
			"to": [8.09665, 5.8, 8.62036],
			"rotation": {"angle": 22.5, "axis": "z", "origin": [6.76333, 4.63334, 8.29185]},
			"faces": {
				"north": {"uv": [11, 5, 12, 8], "texture": "#1"},
				"east": {"uv": [10, 5, 11, 8], "texture": "#1"},
				"south": {"uv": [13, 5, 14, 8], "texture": "#1"},
				"west": {"uv": [12, 5, 13, 8], "texture": "#1"},
				"up": {"uv": [12, 5, 11, 4], "texture": "#1"},
				"down": {"uv": [13, 4, 12, 5], "texture": "#1"}
			}
		},
		{
			"name": "Box6",
			"from": [6.15249, 5.8, 7.73],
			"to": [7.48584, 7.13335, 9.06335],
			"rotation": {"angle": 22.5, "axis": "z", "origin": [6.76333, 4.63334, 8.39185]},
			"faces": {
				"north": {"uv": [2, 2, 4, 4], "texture": "#1"},
				"east": {"uv": [0, 2, 2, 4], "texture": "#1"},
				"south": {"uv": [6, 2, 8, 4], "texture": "#1"},
				"west": {"uv": [4, 2, 6, 4], "texture": "#1"},
				"up": {"uv": [4, 2, 2, 0], "texture": "#1"},
				"down": {"uv": [6, 0, 4, 2], "texture": "#1"}
			}
		},
		{
			"from": [6.7, 0.5, 7.5],
			"to": [9.2, 3, 10],
			"rotation": {"angle": 0, "axis": "y", "origin": [6.7, 0.5, 7.5]},
			"faces": {
				"north": {"uv": [0, 0, 16, 16], "texture": "#4"},
				"east": {"uv": [0, 0, 16, 16], "texture": "#4"},
				"south": {"uv": [0, 0, 16, 16], "texture": "#4"},
				"west": {"uv": [0, 0, 16, 16], "texture": "#4"},
				"up": {"uv": [0, 0, 16, 16], "texture": "#5"},
				"down": {"uv": [0, 0, 16, 16], "texture": "#6"}
			}
		},
		{
			"from": [4.2, 0.5, 7.5],
			"to": [6.7, 3, 10],
			"rotation": {"angle": 0, "axis": "y", "origin": [4.2, 0.5, 7.5]},
			"faces": {
				"north": {"uv": [0, 0, 16, 16], "texture": "#4"},
				"east": {"uv": [0, 0, 16, 16], "texture": "#4"},
				"south": {"uv": [0, 0, 16, 16], "texture": "#4"},
				"west": {"uv": [0, 0, 16, 16], "texture": "#4"},
				"up": {"uv": [0, 0, 16, 16], "texture": "#5"},
				"down": {"uv": [0, 0, 16, 16], "texture": "#6"}
			}
		},
		{
			"from": [6.7, 2.1, 7.7],
			"to": [9.2, 4.6, 10.2],
			"rotation": {"angle": 0, "axis": "y", "origin": [6.7, 2.1, 7.7]},
			"faces": {
				"north": {"uv": [0, 0, 16, 16], "texture": "#7"},
				"east": {"uv": [0, 0, 16, 16], "texture": "#7"},
				"south": {"uv": [0, 0, 16, 16], "texture": "#7"},
				"west": {"uv": [0, 0, 16, 16], "texture": "#7"},
				"up": {"uv": [0, 0, 16, 16], "texture": "#7"},
				"down": {"uv": [0, 0, 16, 16], "texture": "#7"}
			}
		},
		{
			"from": [6.7, 4.6, 7.7],
			"to": [9.2, 7.1, 10.2],
			"rotation": {"angle": 0, "axis": "y", "origin": [6.7, 4.6, 7.7]},
			"faces": {
				"north": {"uv": [0, 0, 16, 16], "texture": "#7"},
				"east": {"uv": [0, 0, 16, 16], "texture": "#7"},
				"south": {"uv": [0, 0, 16, 16], "texture": "#7"},
				"west": {"uv": [0, 0, 16, 16], "texture": "#7"},
				"up": {"uv": [0, 0, 16, 16], "texture": "#8"},
				"down": {"uv": [0, 0, 16, 16], "texture": "#7"}
			}
		},
		{
			"from": [9.2, 0.5, 7.5],
			"to": [11.7, 3, 10],
			"rotation": {"angle": 0, "axis": "y", "origin": [9.2, 0.5, 7.5]},
			"faces": {
				"north": {"uv": [0, 0, 16, 16], "texture": "#4"},
				"east": {"uv": [0, 0, 16, 16], "texture": "#4"},
				"south": {"uv": [0, 0, 16, 16], "texture": "#4"},
				"west": {"uv": [0, 0, 16, 16], "texture": "#4"},
				"up": {"uv": [0, 0, 16, 16], "texture": "#5"},
				"down": {"uv": [0, 0, 16, 16], "texture": "#6"}
			}
		}
	],
	"groups": [
		0,
		{
			"name": "bone7",
			"origin": [-7, 0, -7],
			"color": 0,
			"children": [
				{
					"name": "bone6",
					"origin": [-7, 0, -7],
					"color": 0,
					"children": [1]
				},
				{
					"name": "bone3",
					"origin": [-5, -6, 1],
					"color": 0,
					"children": [2, 3]
				},
				{
					"name": "bone3",
					"origin": [-5, -6, 1],
					"color": 0,
					"children": [4]
				},
				{
					"name": "bone3",
					"origin": [-5, -6, 1],
					"color": 0,
					"children": [5]
				},
				{
					"name": "bone3",
					"origin": [-5, -6, 1],
					"color": 0,
					"children": [6, 7]
				},
				{
					"name": "bone",
					"origin": [-7, 1, -7],
					"color": 0,
					"children": [8]
				}
			]
		},
		9,
		10,
		11,
		12,
		13
	]
}