{
	"credit": "Made by Bret06 using Blockbench",
	"textures": {
		"0": "lunareclipse.watching:item/ui/config/icons/sinister_signs/backdrop_old",
		"2": "lunareclipse.watching:item/ui/config/icons/sinister_signs/sign",
		"3": "lunareclipse.watching:item/ui/config/icons/sinister_signs/backdrop_overlay",
		"particle": "lunareclipse.watching:item/ui/config/icons/sinister_signs/backdrop_old"
	},
	"elements": [
		{
			"from": [4, 0, 8],
			"to": [12, 8, 8],
			"rotation": {"angle": 0, "axis": "y", "origin": [4, 0, 8]},
			"faces": {
				"north": {"uv": [0, 0, 16, 16], "texture": "#0"}
			}
		},
		{
			"from": [4, 0, 7.9],
			"to": [12, 8, 7.9],
			"rotation": {"angle": 0, "axis": "y", "origin": [4, 0, 7.9]},
			"faces": {
				"north": {"uv": [0, 0, 16, 16], "texture": "#3"}
			}
		},
		{
			"from": [5, 2, 7.4],
			"to": [11, 6, 7.9],
			"rotation": {"angle": 22.5, "axis": "z", "origin": [8, 4, 7.65]},
			"faces": {
				"north": {"uv": [0, 0, 6, 4], "texture": "#2"},
				"east": {"uv": [6, 2, 7, 6], "texture": "#2"},
				"west": {"uv": [6, 6, 7, 10], "texture": "#2"},
				"up": {"uv": [12, 1, 6, 0], "texture": "#2"},
				"down": {"uv": [12, 1, 6, 2], "texture": "#2"}
			}
		}
	]
}