{
	"credit": "Made by Bret06 using Blockbench",
	"texture_size": [8, 8],
	"textures": {
		"0": "lunareclipse.watching:item/ui/config/icons/skin_library/backdrop",
		"1": "lunareclipse.watching:item/ui/config/icons/skin_library/8bit_herobrine",
		"2": "lunareclipse.watching:item/ui/config/icons/skin_library/chest",
		"3": "lunareclipse.watching:item/ui/config/icons/skin_library/hat",
		"4": "lunareclipse.watching:item/ui/config/icons/skin_library/oak_planks",
		"5": "lunareclipse.watching:item/ui/config/icons/skin_library/sparkles",
		"6": "lunareclipse.watching:item/ui/config/icons/skin_library/cloth",
		"particle": "lunareclipse.watching:item/ui/config/icons/skin_library/backdrop"
	},
	"elements": [
		{
			"from": [4, 0, 8],
			"to": [12, 8, 8],
			"rotation": {"angle": 0, "axis": "y", "origin": [4, 0, 8]},
			"faces": {
				"north": {"uv": [0, 0, 16, 16], "texture": "#0"}
			}
		},
		{
			"name": "Box4",
			"from": [7.1, 1.3, 7.95371],
			"to": [9.1, 4.3, 8.95371],
			"rotation": {"angle": 0, "axis": "y", "origin": [7.76333, 2.13334, 8.29185]},
			"faces": {
				"north": {"uv": [5, 5, 7, 8], "texture": "#1"},
				"east": {"uv": [4, 5, 5, 8], "texture": "#1"},
				"south": {"uv": [8, 5, 10, 8], "texture": "#1"},
				"west": {"uv": [7, 5, 8, 8], "texture": "#1"},
				"up": {"uv": [7, 5, 5, 4], "texture": "#1"},
				"down": {"uv": [7, 4, 9, 5], "texture": "#1"}
			}
		},
		{
			"name": "Box7",
			"from": [7.3, 1.3, 7.95371],
			"to": [7.96665, 3.3, 8.62036],
			"rotation": {"angle": 0, "axis": "y", "origin": [7.96333, 4.13334, 8.29185]},
			"faces": {
				"north": {"uv": [1, 5, 2, 8], "texture": "#1"},
				"east": {"uv": [0, 5, 1, 8], "texture": "#1"},
				"south": {"uv": [3, 5, 4, 8], "texture": "#1"},
				"west": {"uv": [2, 5, 3, 8], "texture": "#1"},
				"up": {"uv": [2, 5, 1, 4], "texture": "#1"},
				"down": {"uv": [3, 4, 2, 5], "texture": "#1"}
			}
		},
		{
			"name": "Box8",
			"from": [7.965, 1.3, 7.95371],
			"to": [8.63165, 3.3, 8.62036],
			"rotation": {"angle": 0, "axis": "y", "origin": [7.96333, 4.13334, 8.29185]},
			"faces": {
				"north": {"uv": [5, 13, 6, 16], "texture": "#1"},
				"east": {"uv": [4, 13, 5, 16], "texture": "#1"},
				"south": {"uv": [7, 13, 8, 16], "texture": "#1"},
				"west": {"uv": [6, 13, 7, 16], "texture": "#1"},
				"up": {"uv": [6, 13, 5, 12], "texture": "#1"},
				"down": {"uv": [7, 12, 6, 13], "texture": "#1"}
			}
		},
		{
			"name": "Box7",
			"from": [9.1, 1.3, 7.95371],
			"to": [10.1, 4.3, 8.95371],
			"rotation": {"angle": 0, "axis": "y", "origin": [8.56333, 2.13334, 8.29185]},
			"faces": {
				"north": {"uv": [11, 5, 12, 8], "texture": "#1"},
				"east": {"uv": [10, 5, 11, 8], "texture": "#1"},
				"south": {"uv": [13, 5, 14, 8], "texture": "#1"},
				"west": {"uv": [12, 5, 13, 8], "texture": "#1"},
				"up": {"uv": [12, 5, 11, 4], "texture": "#1"},
				"down": {"uv": [13, 4, 12, 5], "texture": "#1"}
			}
		},
		{
			"name": "Box8",
			"from": [9.025, 1.225, 7.87871],
			"to": [10.175, 4.375, 9.02871],
			"rotation": {"angle": 0, "axis": "y", "origin": [8.56333, 2.13334, 8.29185]},
			"faces": {
				"north": {"uv": [11, 9, 12, 12], "texture": "#1"},
				"east": {"uv": [10, 9, 11, 12], "texture": "#1"},
				"south": {"uv": [13, 9, 14, 12], "texture": "#1"},
				"west": {"uv": [12, 9, 13, 12], "texture": "#1"},
				"up": {"uv": [12, 9, 11, 8], "texture": "#1"},
				"down": {"uv": [13, 8, 12, 9], "texture": "#1"}
			}
		},
		{
			"name": "Box8",
			"from": [6.1, 1.3, 7.95371],
			"to": [7.1, 4.3, 8.95371],
			"rotation": {"angle": 0, "axis": "y", "origin": [5.56333, 2.13334, 8.29185]},
			"faces": {
				"north": {"uv": [11, 5, 12, 8], "texture": "#1"},
				"east": {"uv": [10, 5, 11, 8], "texture": "#1"},
				"south": {"uv": [13, 5, 14, 8], "texture": "#1"},
				"west": {"uv": [12, 5, 13, 8], "texture": "#1"},
				"up": {"uv": [12, 5, 11, 4], "texture": "#1"},
				"down": {"uv": [13, 4, 12, 5], "texture": "#1"}
			}
		},
		{
			"name": "Box9",
			"from": [6.025, 1.225, 7.87871],
			"to": [7.175, 4.375, 9.02871],
			"rotation": {"angle": 0, "axis": "y", "origin": [5.56333, 2.13334, 8.29185]},
			"faces": {
				"north": {"uv": [11, 9, 12, 12], "texture": "#1"},
				"east": {"uv": [10, 9, 11, 12], "texture": "#1"},
				"south": {"uv": [13, 9, 14, 12], "texture": "#1"},
				"west": {"uv": [12, 9, 13, 12], "texture": "#1"},
				"up": {"uv": [12, 9, 11, 8], "texture": "#1"},
				"down": {"uv": [13, 8, 12, 9], "texture": "#1"}
			}
		},
		{
			"name": "Box6",
			"from": [7.15249, 4.3, 7.73],
			"to": [9.15249, 6.3, 9.73],
			"rotation": {"angle": 0, "axis": "y", "origin": [7.76333, 3.13334, 8.39185]},
			"faces": {
				"north": {"uv": [2, 2, 4, 4], "texture": "#1"},
				"east": {"uv": [0, 2, 2, 4], "texture": "#1"},
				"south": {"uv": [6, 2, 8, 4], "texture": "#1"},
				"west": {"uv": [4, 2, 6, 4], "texture": "#1"},
				"up": {"uv": [4, 2, 2, 0], "texture": "#1"},
				"down": {"uv": [6, 0, 4, 2], "texture": "#1"}
			}
		},
		{
			"name": "Box7",
			"from": [7.07749, 4.225, 7.655],
			"to": [9.22749, 6.375, 9.805],
			"rotation": {"angle": 0, "axis": "y", "origin": [7.76333, 3.13334, 8.39185]},
			"faces": {
				"north": {"uv": [10, 2, 12, 4], "texture": "#1"},
				"east": {"uv": [8, 2, 10, 4], "texture": "#1"},
				"south": {"uv": [14, 2, 16, 4], "texture": "#1"},
				"west": {"uv": [12, 2, 14, 4], "texture": "#1"},
				"up": {"uv": [12, 2, 10, 0], "texture": "#1"},
				"down": {"uv": [14, 0, 12, 2], "texture": "#1"}
			}
		},
		{
			"from": [5, 3.50924, 7.9782],
			"to": [11, 6.50924, 7.9782],
			"rotation": {"angle": 0, "axis": "x", "origin": [8, 2.77297, 8.34315]},
			"faces": {
				"north": {"uv": [6, 0, 12, 3], "texture": "#2"}
			}
		},
		{
			"from": [5, 1, 7.6],
			"to": [11, 3.5, 8],
			"rotation": {"angle": 0, "axis": "x", "origin": [8, 4.26149, 7.9993]},
			"faces": {
				"north": {"uv": [6, 6, 12, 8.5], "texture": "#2"},
				"east": {"uv": [6.5, 6, 6, 8.5], "texture": "#2"},
				"west": {"uv": [6.5, 6, 6, 8.5], "texture": "#2"},
				"up": {"uv": [6, 3.5, 0, 3], "texture": "#2"},
				"down": {"uv": [12, 8, 6, 8.5], "texture": "#2"}
			}
		},
		{
			"from": [6.2, 1, 7.5],
			"to": [7.2, 3.6, 8],
			"rotation": {"angle": 0, "axis": "y", "origin": [6.2, 0, 7]},
			"faces": {
				"north": {"uv": [0, 0, 2, 5], "texture": "#6"},
				"east": {"uv": [4, 0, 5, 5], "texture": "#6"},
				"south": {"uv": [2, 0, 4, 5], "texture": "#6"},
				"west": {"uv": [0, 6, 1, 11], "texture": "#6"},
				"up": {"uv": [8, 1, 6, 0], "texture": "#6"},
				"down": {"uv": [4, 6, 2, 7], "texture": "#6"}
			}
		},
		{
			"name": "cube inverted",
			"from": [7.2, 3.6, 8],
			"to": [6.2, 1, 7.5],
			"rotation": {"angle": 0, "axis": "y", "origin": [6.2, 0, 7]},
			"faces": {
				"north": {"uv": [2, 5, 4, 0], "texture": "#6"},
				"east": {"uv": [0, 11, 1, 6], "texture": "#6"},
				"south": {"uv": [0, 5, 2, 0], "texture": "#6"},
				"west": {"uv": [4, 5, 5, 0], "texture": "#6"},
				"up": {"uv": [2, 6, 4, 7], "texture": "#6"},
				"down": {"uv": [6, 1, 8, 0], "texture": "#6"}
			}
		},
		{
			"from": [6.2, 5.8, 6.7],
			"to": [10.2, 5.8, 10.7],
			"rotation": {"angle": 0, "axis": "y", "origin": [7.2, 5.8, 7.7]},
			"faces": {
				"north": {"uv": [0, 0, 8, 0], "texture": "#3"},
				"east": {"uv": [0, 0, 8, 0], "texture": "#3"},
				"south": {"uv": [0, 0, 8, 0], "texture": "#3"},
				"west": {"uv": [0, 0, 8, 0], "texture": "#3"},
				"up": {"uv": [8, 8, 0, 0], "texture": "#3"},
				"down": {"uv": [8, 0, 0, 8], "texture": "#3"}
			}
		},
		{
			"from": [4.5, 0.5, 7.4],
			"to": [11.5, 1, 8],
			"rotation": {"angle": 0, "axis": "y", "origin": [4.5, 0, 7]},
			"faces": {
				"north": {"uv": [0, 0, 1.75, 0.125], "texture": "#4"},
				"east": {"uv": [0, 0, 0.15, 0.125], "texture": "#4"},
				"south": {"uv": [0, 0, 1.75, 0.125], "texture": "#4"},
				"west": {"uv": [0, 0, 0.15, 0.125], "texture": "#4"},
				"up": {"uv": [0, 0, 1.75, 0.15], "texture": "#4"},
				"down": {"uv": [0, 0, 1.75, 0.15], "texture": "#4"}
			}
		},
		{
			"from": [4.4, 5, 7.8],
			"to": [5.9, 6.5, 7.8],
			"rotation": {"angle": 22.5, "axis": "z", "origin": [5.15, 5.75, 7.8]},
			"faces": {
				"north": {"uv": [9, 0, 12, 3], "texture": "#5"},
				"east": {"uv": [0, 0, 0, 6], "texture": "#5"},
				"south": {"uv": [0, 0, 6, 6], "texture": "#5"},
				"west": {"uv": [0, 0, 0, 6], "texture": "#5"},
				"up": {"uv": [0, 0, 6, 0], "texture": "#5"},
				"down": {"uv": [0, 0, 6, 0], "texture": "#5"}
			}
		},
		{
			"from": [10.4, 5.8, 7.8],
			"to": [11.9, 7.3, 7.8],
			"rotation": {"angle": -22.5, "axis": "z", "origin": [11.15, 6.55, 7.8]},
			"faces": {
				"north": {"uv": [9, 0, 12, 3], "texture": "#5"},
				"east": {"uv": [0, 0, 0, 6], "texture": "#5"},
				"south": {"uv": [0, 0, 6, 6], "texture": "#5"},
				"west": {"uv": [0, 0, 0, 6], "texture": "#5"},
				"up": {"uv": [0, 0, 6, 0], "texture": "#5"},
				"down": {"uv": [0, 0, 6, 0], "texture": "#5"}
			}
		},
		{
			"from": [9.6, 2.9, 7.8],
			"to": [11.1, 4.4, 7.8],
			"rotation": {"angle": 22.5, "axis": "z", "origin": [10.35, 3.65, 7.8]},
			"faces": {
				"north": {"uv": [0, 0, 3, 3], "texture": "#5"},
				"east": {"uv": [0, 0, 0, 6], "texture": "#5"},
				"south": {"uv": [0, 0, 6, 6], "texture": "#5"},
				"west": {"uv": [0, 0, 0, 6], "texture": "#5"},
				"up": {"uv": [0, 0, 6, 0], "texture": "#5"},
				"down": {"uv": [0, 0, 6, 0], "texture": "#5"}
			}
		},
		{
			"from": [5.6, 6.1, 7.8],
			"to": [7.1, 7.6, 7.8],
			"rotation": {"angle": 0, "axis": "z", "origin": [6.35, 6.85, 7.8]},
			"faces": {
				"north": {"uv": [0, 0, 3, 3], "texture": "#5"},
				"east": {"uv": [0, 0, 0, 6], "texture": "#5"},
				"south": {"uv": [0, 0, 6, 6], "texture": "#5"},
				"west": {"uv": [0, 0, 0, 6], "texture": "#5"},
				"up": {"uv": [0, 0, 6, 0], "texture": "#5"},
				"down": {"uv": [0, 0, 6, 0], "texture": "#5"}
			}
		},
		{
			"from": [5.1, 2.7, 7.8],
			"to": [6.6, 4.2, 7.8],
			"rotation": {"angle": -22.5, "axis": "z", "origin": [5.85, 3.45, 7.8]},
			"faces": {
				"north": {"uv": [4, 0, 7, 3], "texture": "#5"},
				"east": {"uv": [0, 0, 0, 6], "texture": "#5"},
				"south": {"uv": [0, 0, 6, 6], "texture": "#5"},
				"west": {"uv": [0, 0, 0, 6], "texture": "#5"},
				"up": {"uv": [0, 0, 6, 0], "texture": "#5"},
				"down": {"uv": [0, 0, 6, 0], "texture": "#5"}
			}
		}
	],
	"groups": [
		0,
		{
			"name": "bone7",
			"origin": [-7, 0, -7],
			"color": 0,
			"children": [
				{
					"name": "bone6",
					"origin": [-7, 0, -7],
					"color": 0,
					"children": [1]
				},
				{
					"name": "bone3",
					"origin": [-5, -6, 1],
					"color": 0,
					"children": [2]
				},
				{
					"name": "bone3",
					"origin": [-5, -6, 1],
					"color": 0,
					"children": [3]
				},
				{
					"name": "bone3",
					"origin": [-5, -6, 1],
					"color": 0,
					"children": [4, 5]
				},
				{
					"name": "bone3",
					"origin": [-5, -6, 1],
					"color": 0,
					"children": [6, 7]
				},
				{
					"name": "bone",
					"origin": [-7, 1, -7],
					"color": 0,
					"children": [8, 9]
				}
			]
		},
		{
			"name": "group",
			"origin": [8, 5, 12],
			"color": 0,
			"children": [
				{
					"name": "group",
					"origin": [10, 0, 13.7],
					"color": 0,
					"children": [10]
				},
				11,
				12,
				13
			]
		},
		14,
		15,
		16,
		17,
		18,
		19,
		20
	]
}