{
	"format_version": "1.21.6",
	"credit": "Made by Bret06 using Blockbench",
	"textures": {
		"0": "lunareclipse.watching:item/ui/config/icons/super_secret_settings/message_string",
		"particle": "lunareclipse.watching:item/ui/config/icons/super_secret_settings/message_string"
	},
	"elements": [
		{
			"from": [-2, -10.8, 8],
			"to": [18, 9.2, 8],
			"rotation": {"angle": 0, "axis": "y", "origin": [-1, 0.2, 8]},
			"faces": {
				"north": {"uv": [2.72461, 2.90723, 12.95898, 13.14164], "texture": "#0"}
			}
		}
	]
}