{
	"credit": "Made by Bret06 using Blockbench",
	"textures": {
		"0": "lunareclipse.watching:item/ui/config/icons/twisted_tapestries/backdrop_old",
		"2": "lunareclipse.watching:item/ui/config/icons/twisted_tapestries/nail",
		"3": "lunareclipse.watching:item/ui/config/icons/twisted_tapestries/backdrop_overlay",
		"4": "lunareclipse.watching:item/ui/config/icons/twisted_tapestries/frame",
		"6": "lunareclipse.watching:item/ui/config/icons/twisted_tapestries/frame_border",
		"particle": "lunareclipse.watching:item/ui/config/icons/twisted_tapestries/backdrop_old"
	},
	"elements": [
		{
			"from": [4, 0, 8],
			"to": [12, 8, 8],
			"rotation": {"angle": 0, "axis": "y", "origin": [4, 0, 8]},
			"faces": {
				"north": {"uv": [0, 0, 16, 16], "texture": "#0"}
			}
		},
		{
			"from": [4, 0, 7.9],
			"to": [12, 8, 7.9],
			"rotation": {"angle": 0, "axis": "y", "origin": [4, 0, 7.9]},
			"faces": {
				"north": {"uv": [0, 0, 16, 16], "texture": "#3"}
			}
		},
		{
			"from": [4, 0, 7.6],
			"to": [12, 8, 7.6],
			"rotation": {"angle": 22.5, "axis": "z", "origin": [8, 4, 7.6]},
			"faces": {
				"north": {"uv": [0, 0, 16, 16], "texture": "#6"}
			}
		},
		{
			"from": [4, 0, 7.8],
			"to": [12, 8, 7.8],
			"rotation": {"angle": 22.5, "axis": "z", "origin": [8, 4, 7.8]},
			"faces": {
				"north": {"uv": [0, 0, 16, 16], "texture": "#4"}
			}
		},
		{
			"from": [7.9, 5.8, 7.7],
			"to": [8.4, 6.3, 7.7],
			"rotation": {"angle": 45, "axis": "z", "origin": [8.15, 6.05, 7.775]},
			"faces": {
				"north": {"uv": [0, 1, 1, 2], "texture": "#2"},
				"east": {"uv": [0, 0, 0, 0.5], "texture": "#2"},
				"south": {"uv": [0, 0, 1, 1], "texture": "#2"},
				"west": {"uv": [0, 0, 0, 0.5], "texture": "#2"},
				"up": {"uv": [0, 0, 0.5, 0], "texture": "#2"},
				"down": {"uv": [0, 0, 0.5, 0], "texture": "#2"}
			}
		},
		{
			"from": [8.15, 5.9, 7.7],
			"to": [8.15, 6.2, 8],
			"rotation": {"angle": 45, "axis": "z", "origin": [8.15, 6.05, 7.775]},
			"faces": {
				"north": {"uv": [0, 0, 0, 0.5], "texture": "#2"},
				"east": {"uv": [0, 0, 1, 1], "texture": "#2"},
				"south": {"uv": [0, 0, 0, 0.5], "texture": "#2"},
				"west": {"uv": [0, 0, 1, 1], "texture": "#2"},
				"up": {"uv": [0, 0, 0.5, 0], "rotation": 90, "texture": "#2"},
				"down": {"uv": [0, 0, 0.5, 0], "rotation": 270, "texture": "#2"}
			}
		}
	],
	"groups": [
		0,
		1,
		{
			"name": "group",
			"origin": [8, 4, 7.8],
			"color": 0,
			"children": [2, 3]
		},
		{
			"name": "group",
			"origin": [8.15, 6.25, 8],
			"color": 0,
			"children": [4, 5]
		}
	]
}