{
	"credit": "Made by Bret06 using Blockbench",
	"textures": {
		"0": "lunareclipse.watching:item/ui/config/icons/vanishing_delay/clock",
		"1": "lunareclipse.watching:item/ui/config/icons/vanishing_delay/8bit_herobrine",
		"particle": "lunareclipse.watching:item/ui/config/icons/vanishing_delay/clock"
	},
	"elements": [
		{
			"from": [4, 0, 8],
			"to": [12, 8, 8],
			"rotation": {"angle": 0, "axis": "y", "origin": [4, 0, 8]},
			"faces": {
				"north": {"uv": [0, 0, 16, 16], "texture": "#0"}
			}
		},
		{
			"name": "Box4",
			"from": [6.4, 0.6, 6.75371],
			"to": [9.06667, 4.6, 8.08704],
			"rotation": {"angle": 0, "axis": "y", "origin": [10.42901, 5.6, 8.75371]},
			"faces": {
				"north": {"uv": [5, 5, 7, 8], "texture": "#1"},
				"east": {"uv": [4, 5, 5, 8], "texture": "#1"},
				"south": {"uv": [8, 5, 10, 8], "texture": "#1"},
				"west": {"uv": [7, 5, 8, 8], "texture": "#1"},
				"up": {"uv": [7, 5, 5, 4], "texture": "#1"},
				"down": {"uv": [7, 4, 9, 5], "texture": "#1"}
			}
		},
		{
			"name": "Box5",
			"from": [6.3167, 0.5167, 6.6704],
			"to": [9.15, 4.6833, 8.1703],
			"rotation": {"angle": 0, "axis": "y", "origin": [10.42901, 5.6, 8.75371]},
			"faces": {
				"north": {"uv": [5, 9, 7, 12], "texture": "#1"},
				"east": {"uv": [4, 9, 5, 12], "texture": "#1"},
				"south": {"uv": [8, 9, 10, 12], "texture": "#1"},
				"west": {"uv": [7, 9, 8, 12], "texture": "#1"},
				"up": {"uv": [5, 8, 7, 9], "texture": "#1"},
				"down": {"uv": [7, 8, 9, 9], "texture": "#1"}
			}
		},
		{
			"name": "Box5",
			"from": [5.07, 0.6, 6.75371],
			"to": [6.4033, 4.6, 8.08701],
			"rotation": {"angle": 0, "axis": "y", "origin": [13.12901, 5.6, 8.75371]},
			"faces": {
				"north": {"uv": [9, 13, 10, 16], "texture": "#1"},
				"east": {"uv": [8, 13, 9, 16], "texture": "#1"},
				"south": {"uv": [11, 13, 12, 16], "texture": "#1"},
				"west": {"uv": [10, 13, 11, 16], "texture": "#1"},
				"up": {"uv": [10, 13, 9, 12], "texture": "#1"},
				"down": {"uv": [11, 12, 10, 13], "texture": "#1"}
			}
		},
		{
			"name": "Box6",
			"from": [4.9867, 0.5167, 6.6704],
			"to": [6.4866, 4.6833, 8.1703],
			"rotation": {"angle": 0, "axis": "y", "origin": [13.12901, 5.6, 8.75371]},
			"faces": {
				"north": {"uv": [13, 13, 14, 16], "texture": "#1"},
				"east": {"uv": [12, 13, 13, 16], "texture": "#1"},
				"south": {"uv": [15, 13, 16, 16], "texture": "#1"},
				"west": {"uv": [14, 13, 15, 16], "texture": "#1"},
				"up": {"uv": [14, 13, 13, 12], "texture": "#1"},
				"down": {"uv": [15, 12, 14, 13], "texture": "#1"}
			}
		},
		{
			"name": "Box6",
			"from": [9.07, 0.6, 6.75371],
			"to": [10.4033, 4.6, 8.08701],
			"rotation": {"angle": 0, "axis": "y", "origin": [17.12901, 5.6, 8.75371]},
			"faces": {
				"north": {"uv": [11, 5, 12, 8], "texture": "#1"},
				"east": {"uv": [10, 5, 11, 8], "texture": "#1"},
				"south": {"uv": [13, 5, 14, 8], "texture": "#1"},
				"west": {"uv": [12, 5, 13, 8], "texture": "#1"},
				"up": {"uv": [12, 5, 11, 4], "texture": "#1"},
				"down": {"uv": [13, 4, 12, 5], "texture": "#1"}
			}
		},
		{
			"name": "Box7",
			"from": [8.9867, 0.5167, 6.6704],
			"to": [10.4866, 4.6833, 8.1703],
			"rotation": {"angle": 0, "axis": "y", "origin": [17.12901, 5.6, 8.75371]},
			"faces": {
				"north": {"uv": [11, 9, 12, 12], "texture": "#1"},
				"east": {"uv": [10, 9, 11, 12], "texture": "#1"},
				"south": {"uv": [13, 9, 14, 12], "texture": "#1"},
				"west": {"uv": [12, 9, 13, 12], "texture": "#1"},
				"up": {"uv": [12, 9, 11, 8], "texture": "#1"},
				"down": {"uv": [13, 8, 12, 9], "texture": "#1"}
			}
		},
		{
			"name": "Box6",
			"from": [5.32901, 4.6, 6.95371],
			"to": [7.99568, 7.26667, 9.62038],
			"rotation": {"angle": -22.5, "axis": "y", "origin": [9.32901, 8.6, 10.95371]},
			"faces": {
				"north": {"uv": [2, 2, 4, 4], "texture": "#1"},
				"east": {"uv": [0, 2, 2, 4], "texture": "#1"},
				"south": {"uv": [6, 2, 8, 4], "texture": "#1"},
				"west": {"uv": [4, 2, 6, 4], "texture": "#1"},
				"up": {"uv": [4, 2, 2, 0], "texture": "#1"},
				"down": {"uv": [6, 0, 4, 2], "texture": "#1"}
			}
		},
		{
			"name": "Box7",
			"from": [5.16234, 4.43333, 6.78704],
			"to": [8.16234, 7.43333, 9.78704],
			"rotation": {"angle": -22.5, "axis": "y", "origin": [9.32901, 8.6, 10.95371]},
			"faces": {
				"north": {"uv": [10, 2, 12, 4], "texture": "#1"},
				"east": {"uv": [8, 2, 10, 4], "texture": "#1"},
				"south": {"uv": [14, 2, 16, 4], "texture": "#1"},
				"west": {"uv": [12, 2, 14, 4], "texture": "#1"},
				"up": {"uv": [12, 2, 10, 0], "texture": "#1"},
				"down": {"uv": [14, 0, 12, 2], "texture": "#1"}
			}
		}
	],
	"groups": [
		0,
		{
			"name": "bone7",
			"origin": [-7, 0, -7],
			"color": 0,
			"children": [
				{
					"name": "bone6",
					"origin": [-7, 0, -7],
					"color": 0,
					"children": [1, 2]
				},
				{
					"name": "bone3",
					"origin": [-5, -6, 1],
					"color": 0,
					"children": [3, 4]
				},
				{
					"name": "bone3",
					"origin": [-5, -6, 1],
					"color": 0,
					"children": [5, 6]
				},
				{
					"name": "bone",
					"origin": [-7, 1, -7],
					"color": 0,
					"children": [7, 8]
				}
			]
		}
	]
}