{
	"format_version": "1.21.6",
	"credit": "Made by Bret06 using Blockbench",
	"texture_size": [64, 64],
	"textures": {
		"0": "lunareclipse.watching:item/ui/config/wardrobe/oak_planks",
		"2": "lunareclipse.watching:item/ui/config/wardrobe/curtain",
		"3": "lunareclipse.watching:item/ui/config/wardrobe/black",
		"4": "lunareclipse.watching:item/ui/config/wardrobe/curtain_front",
		"5": "lunareclipse.watching:item/ui/config/wardrobe/spruce_planks_tile",
		"6": "lunareclipse.watching:item/ui/config/wardrobe/floor",
		"particle": "lunareclipse.watching:item/ui/config/wardrobe/oak_planks"
	},
	"elements": [
		{
			"from": [-4, 3, 0],
			"to": [4, 4, 8],
			"rotation": {"angle": 0, "axis": "y", "origin": [-4, -4, 0]},
			"faces": {
				"north": {"uv": [0, 0, 16, 2], "texture": "#0"},
				"east": {"uv": [0, 0, 16, 2], "texture": "#0"},
				"south": {"uv": [0, 0, 16, 2], "texture": "#0"},
				"west": {"uv": [0, 0, 16, 2], "texture": "#0"},
				"up": {"uv": [0, 0, 16, 16], "texture": "#0"},
				"down": {"uv": [0, 0, 16, 16], "texture": "#0"}
			}
		},
		{
			"from": [-4.9, 3, 0],
			"to": [-4, 4, 8],
			"rotation": {"angle": 0, "axis": "y", "origin": [-5, -4, 0]},
			"faces": {
				"north": {"uv": [0, 0, 2, 2], "texture": "#0"},
				"east": {"uv": [0, 0, 16, 2], "texture": "#0"},
				"south": {"uv": [0, 0, 16, 2], "texture": "#0"},
				"west": {"uv": [0, 0, 16, 2], "texture": "#0"},
				"up": {"uv": [0, 0, 2, 16], "texture": "#0"},
				"down": {"uv": [0, 0, 2, 16], "texture": "#0"}
			}
		},
		{
			"from": [20, 3, 0],
			"to": [20.9, 4, 8],
			"rotation": {"angle": 0, "axis": "y", "origin": [19.9, -4, 0]},
			"faces": {
				"north": {"uv": [0, 0, 2, 2], "texture": "#0"},
				"east": {"uv": [0, 0, 16, 2], "texture": "#0"},
				"south": {"uv": [0, 0, 16, 2], "texture": "#0"},
				"west": {"uv": [0, 0, 16, 2], "texture": "#0"},
				"up": {"uv": [0, 0, 2, 16], "texture": "#0"},
				"down": {"uv": [0, 0, 2, 16], "texture": "#0"}
			}
		},
		{
			"from": [-4, 3, 8],
			"to": [4, 4, 16],
			"rotation": {"angle": 0, "axis": "y", "origin": [-4, -4, 8]},
			"faces": {
				"north": {"uv": [0, 0, 16, 2], "texture": "#0"},
				"east": {"uv": [0, 0, 16, 2], "texture": "#0"},
				"south": {"uv": [0, 0, 16, 2], "texture": "#0"},
				"west": {"uv": [0, 0, 16, 2], "texture": "#0"},
				"up": {"uv": [0, 0, 16, 16], "texture": "#0"},
				"down": {"uv": [0, 0, 16, 16], "texture": "#0"}
			}
		},
		{
			"from": [4, 3, 8],
			"to": [12, 4, 16],
			"rotation": {"angle": 0, "axis": "y", "origin": [4, -4, 8]},
			"faces": {
				"north": {"uv": [0, 0, 16, 2], "texture": "#0"},
				"east": {"uv": [0, 0, 16, 2], "texture": "#0"},
				"south": {"uv": [0, 0, 16, 2], "texture": "#0"},
				"west": {"uv": [0, 0, 16, 2], "texture": "#0"},
				"up": {"uv": [0, 0, 16, 16], "texture": "#0"},
				"down": {"uv": [0, 0, 16, 16], "texture": "#0"}
			}
		},
		{
			"from": [4, 3, 0],
			"to": [12, 4, 8],
			"rotation": {"angle": 0, "axis": "y", "origin": [4, -4, 0]},
			"faces": {
				"north": {"uv": [0, 0, 16, 2], "texture": "#0"},
				"east": {"uv": [0, 0, 16, 2], "texture": "#0"},
				"south": {"uv": [0, 0, 16, 2], "texture": "#0"},
				"west": {"uv": [0, 0, 16, 2], "texture": "#0"},
				"up": {"uv": [0, 0, 16, 16], "texture": "#0"},
				"down": {"uv": [0, 0, 16, 16], "texture": "#0"}
			}
		},
		{
			"from": [12, 3, 8],
			"to": [20, 4, 16],
			"rotation": {"angle": 0, "axis": "y", "origin": [12, -4, 8]},
			"faces": {
				"north": {"uv": [0, 0, 16, 2], "texture": "#0"},
				"east": {"uv": [0, 0, 16, 2], "texture": "#0"},
				"south": {"uv": [0, 0, 16, 2], "texture": "#0"},
				"west": {"uv": [0, 0, 16, 2], "texture": "#0"},
				"up": {"uv": [0, 0, 16, 16], "texture": "#0"},
				"down": {"uv": [0, 0, 16, 16], "texture": "#0"}
			}
		},
		{
			"from": [12, 3, 0],
			"to": [20, 4, 8],
			"rotation": {"angle": 0, "axis": "y", "origin": [12, -4, 0]},
			"faces": {
				"north": {"uv": [0, 0, 16, 2], "texture": "#0"},
				"east": {"uv": [0, 0, 16, 2], "texture": "#0"},
				"south": {"uv": [0, 0, 16, 2], "texture": "#0"},
				"west": {"uv": [0, 0, 16, 2], "texture": "#0"},
				"up": {"uv": [0, 0, 16, 16], "texture": "#0"},
				"down": {"uv": [0, 0, 16, 16], "texture": "#0"}
			}
		},
		{
			"from": [-4, 4, 3.4],
			"to": [20, 30, 3.4],
			"rotation": {"angle": 0, "axis": "y", "origin": [-4, 4, 3.4]},
			"faces": {
				"north": {"uv": [0, 0, 12, 13], "texture": "#2"}
			}
		},
		{
			"from": [-4, 4, 3],
			"to": [20, 30, 3],
			"rotation": {"angle": 0, "axis": "y", "origin": [-4, 4, 3]},
			"faces": {
				"north": {"uv": [0, 0, 12, 13], "texture": "#4"}
			}
		},
		{
			"name": "cube inverted",
			"from": [19, 29, 16],
			"to": [-3, 2, 4],
			"rotation": {"angle": 0, "axis": "y", "origin": [-4, 6, 3]},
			"faces": {
				"north": {"uv": [0, 3, 5.5, 9.75], "texture": "#3"},
				"east": {"uv": [0, 3, 3, 9.75], "texture": "#3"},
				"west": {"uv": [0, 3, 3, 9.75], "texture": "#3"},
				"down": {"uv": [5, 0, 10.5, 3], "texture": "#3"}
			}
		},
		{
			"from": [-5, -4, 3],
			"to": [-4, 30, 16],
			"rotation": {"angle": 0, "axis": "y", "origin": [-6, -2, 3]},
			"faces": {
				"north": {"uv": [6.5, 0, 6.75, 8.5], "texture": "#5"},
				"east": {"uv": [0, 0, 3.25, 8.5], "texture": "#5"},
				"south": {"uv": [6.75, 0, 7, 8.5], "texture": "#5"},
				"west": {"uv": [3.25, 0, 6.5, 8.5], "texture": "#5"},
				"up": {"uv": [7.25, 3.25, 7, 0], "texture": "#5"},
				"down": {"uv": [7.25, 3.25, 7, 6.5], "texture": "#5"}
			}
		},
		{
			"from": [20, -4, 3],
			"to": [21, 30, 16],
			"rotation": {"angle": 0, "axis": "y", "origin": [22, -2, 3]},
			"faces": {
				"north": {"uv": [6.75, 0, 6.5, 8.5], "texture": "#5"},
				"east": {"uv": [6.5, 0, 3.25, 8.5], "texture": "#5"},
				"south": {"uv": [7, 0, 6.75, 8.5], "texture": "#5"},
				"west": {"uv": [3.25, 0, 0, 8.5], "texture": "#5"},
				"up": {"uv": [7, 3.25, 7.25, 0], "texture": "#5"},
				"down": {"uv": [7, 3.25, 7.25, 6.5], "texture": "#5"}
			}
		},
		{
			"from": [-5, 30, 3],
			"to": [21, 31, 16],
			"rotation": {"angle": 0, "axis": "y", "origin": [0, 29, 3]},
			"faces": {
				"north": {"uv": [0, 6.5, 6.5, 6.75], "texture": "#5"},
				"east": {"uv": [9.5, 0.25, 6.25, 0.5], "texture": "#5"},
				"south": {"uv": [6.5, 0, 13, 0.25], "texture": "#5"},
				"west": {"uv": [6.75, 0.5, 10, 0.75], "texture": "#5"},
				"up": {"uv": [6.5, 3.25, 0, 0], "texture": "#5"},
				"down": {"uv": [6.5, 3.25, 0, 0], "texture": "#5"}
			}
		},
		{
			"from": [-4, -4, 1],
			"to": [20, 3, 16],
			"rotation": {"angle": 0, "axis": "y", "origin": [0, 1, 1]},
			"faces": {
				"north": {"uv": [6, 0, 12, 1.75], "texture": "#5"},
				"east": {"uv": [6, 3.5, 9.75, 5.25], "texture": "#5"},
				"south": {"uv": [6, 1.75, 12, 3.5], "texture": "#5"},
				"west": {"uv": [6, 5.25, 9.75, 7], "texture": "#5"},
				"up": {"uv": [6, 3.75, 0, 0], "texture": "#5"},
				"down": {"uv": [6, 3.75, 0, 7.5], "texture": "#5"}
			}
		},
		{
			"from": [-5, -4, 16],
			"to": [21, 31, 17],
			"rotation": {"angle": 0, "axis": "y", "origin": [-5, -1, 16]},
			"faces": {
				"east": {"uv": [0.875, 4.375, 1.125, 13.125], "texture": "#5"},
				"south": {"uv": [3.25, 0, 9.75, 8.75], "texture": "#5"},
				"west": {"uv": [0.875, 4.375, 1.125, 13.125], "texture": "#5"},
				"up": {"uv": [3.5, 4.5, 0.25, 4.25], "texture": "#5"},
				"down": {"uv": [3.5, 4.5, 0.25, 4.25], "texture": "#5"}
			}
		},
		{
			"from": [-7, -3.99, -4],
			"to": [23, -3.99, 23],
			"rotation": {"angle": 0, "axis": "y", "origin": [0, -4, 4]},
			"faces": {
				"north": {"uv": [0, 0, 7.5, 0], "texture": "#6"},
				"east": {"uv": [0, 0, 6.75, 0], "texture": "#6"},
				"south": {"uv": [0, 0, 7.5, 0], "texture": "#6"},
				"west": {"uv": [0, 0, 6.75, 0], "texture": "#6"},
				"up": {"uv": [7.5, 6.75, 0, 0], "texture": "#6"}
			}
		}
	]
}