{
	"credit": "Made by Bret06 using Blockbench",
	"texture_size": [
		64,
		64
	],
	"textures": {
		"skin": "lunareclipse.watching:item/skins/distorted/skin",
		"particle": "lunareclipse.watching:item/skins/distorted/skin"
	},
	"elements": [
		{
			"name": "body",
			"from": [
				4,
				8,
				6
			],
			"to": [
				12,
				15,
				10
			],
			"rotation": {
				"angle": 0,
				"axis": "y",
				"origin": [
					0,
					-4,
					0
				]
			},
			"faces": {
				"north": {
					"uv": [
						5,
						6.25,
						7,
						8
					],
					"texture": "#skin"
				},
				"east": {
					"uv": [
						4,
						6.25,
						5,
						8
					],
					"texture": "#skin"
				},
				"south": {
					"uv": [
						8,
						6.25,
						10,
						8
					],
					"texture": "#skin"
				},
				"west": {
					"uv": [
						7,
						6.25,
						8,
						8
					],
					"texture": "#skin"
				},
				"up": {
					"uv": [
						7,
						6.25,
						5,
						6
					],
					"texture": "#skin"
				},
				"down": {
					"uv": [
						9,
						4,
						7,
						5
					],
					"texture": "#skin"
				}
			}
		},
		{
			"name": "body",
			"from": [
				4,
				15,
				6
			],
			"to": [
				12,
				22,
				10
			],
			"rotation": {
				"angle": 0,
				"axis": "y",
				"origin": [
					0,
					-4,
					0
				]
			},
			"faces": {
				"north": {
					"uv": [
						5,
						5,
						7,
						6.75
					],
					"texture": "#skin"
				},
				"east": {
					"uv": [
						4,
						5,
						5,
						6.75
					],
					"texture": "#skin"
				},
				"south": {
					"uv": [
						8,
						5,
						10,
						6.75
					],
					"texture": "#skin"
				},
				"west": {
					"uv": [
						7,
						5,
						8,
						6.75
					],
					"texture": "#skin"
				},
				"up": {
					"uv": [
						7,
						5,
						5,
						4
					],
					"texture": "#skin"
				},
				"down": {
					"uv": [
						7,
						6.25,
						5,
						6.5
					],
					"texture": "#skin"
				}
			}
		},
		{
			"name": "jacket",
			"from": [
				3.75,
				8.75,
				5.75
			],
			"to": [
				12.25,
				21.25,
				10.25
			],
			"rotation": {
				"angle": 0,
				"axis": "y",
				"origin": [
					0,
					-4,
					0
				]
			},
			"faces": {
				"north": {
					"uv": [
						5,
						9,
						7,
						12
					],
					"texture": "#skin"
				},
				"east": {
					"uv": [
						4,
						9,
						5,
						12
					],
					"texture": "#skin"
				},
				"south": {
					"uv": [
						8,
						9,
						10,
						12
					],
					"texture": "#skin"
				},
				"west": {
					"uv": [
						7,
						9,
						8,
						12
					],
					"texture": "#skin"
				},
				"up": {
					"uv": [
						7,
						9,
						5,
						8
					],
					"texture": "#skin"
				},
				"down": {
					"uv": [
						9,
						8,
						7,
						9
					],
					"texture": "#skin"
				}
			}
		}
	],
	"groups": [
		{
			"name": "body",
			"origin": [
				0,
				24,
				0
			],
			"color": 0,
			"children": [
				0,
				1,
				{
					"name": "jacket",
					"origin": [
						0,
						24,
						0
					],
					"color": 0,
					"children": [
						2
					]
				}
			]
		}
	]
}