{
	"credit": "Made by Bret06 using Blockbench",
	"texture_size": [128, 128],
	"textures": {
		"skin": "lunareclipse.watching:item/skins/werewolf/skin",
		"particle": "lunareclipse.watching:item/skins/werewolf/skin"
	},
	"elements": [
		{
			"from": [3, 19.38564, 5.24051],
			"to": [13, 25.38564, 13.24051],
			"rotation": {"angle": -22.5, "axis": "x", "origin": [8, 14.10194, 15.61696]},
			"faces": {
				"north": {"uv": [1, 1, 2.25, 1.75], "texture": "#skin"},
				"east": {"uv": [0, 1, 1, 1.75], "texture": "#skin"},
				"south": {"uv": [3.25, 1, 4.5, 1.75], "texture": "#skin"},
				"west": {"uv": [2.25, 1, 3.25, 1.75], "texture": "#skin"},
				"up": {"uv": [2.25, 1, 1, 0], "texture": "#skin"},
				"down": {"uv": [3.5, 0, 2.25, 1], "texture": "#skin"}
			}
		},
		{
			"name": "backtuft",
			"from": [4.5, 19.88033, 15.45177],
			"to": [11.5, 24.88033, 17.45177],
			"rotation": {"angle": -45, "axis": "x", "origin": [8, 14.10194, 15.61696]},
			"faces": {
				"east": {"uv": [8.375, 3.75, 8.625, 4.375], "texture": "#skin"},
				"south": {"uv": [9.75, 3.75, 10.625, 4.375], "texture": "#skin"},
				"west": {"uv": [9.5, 3.75, 9.75, 4.375], "texture": "#skin"}
			}
		},
		{
			"name": "backtuft",
			"from": [5, 16.88033, 14.45177],
			"to": [11, 21.88033, 16.45177],
			"rotation": {"angle": -45, "axis": "x", "origin": [8, 14.10194, 15.61696]},
			"faces": {
				"east": {"uv": [4.5, 8.875, 4.75, 9.5], "texture": "#skin"},
				"south": {"uv": [5.75, 8.875, 6.5, 9.5], "texture": "#skin"},
				"west": {"uv": [5.5, 8.875, 5.75, 9.5], "texture": "#skin"}
			}
		},
		{
			"name": "backtuft",
			"from": [5.5, 13.88033, 13.45177],
			"to": [10.5, 18.88033, 15.45177],
			"rotation": {"angle": -45, "axis": "x", "origin": [8, 14.10194, 15.61696]},
			"faces": {
				"east": {"uv": [9.125, 4.625, 9.375, 5.25], "texture": "#skin"},
				"south": {"uv": [10.25, 4.625, 10.875, 5.25], "texture": "#skin"},
				"west": {"uv": [10, 4.625, 10.25, 5.25], "texture": "#skin"}
			}
		},
		{
			"from": [4, 11.38564, 6.24051],
			"to": [12, 19.38564, 13.24051],
			"rotation": {"angle": -22.5, "axis": "x", "origin": [8, 14.10194, 15.61696]},
			"faces": {
				"north": {"uv": [4, 3.625, 5, 4.625], "texture": "#skin"},
				"east": {"uv": [3.125, 3.625, 4, 4.625], "texture": "#skin"},
				"south": {"uv": [5.875, 3.625, 6.875, 4.625], "texture": "#skin"},
				"west": {"uv": [5, 3.625, 5.875, 4.625], "texture": "#skin"},
				"up": {"uv": [5, 3.625, 4, 2.75], "texture": "#skin"},
				"down": {"uv": [6, 2.75, 5, 3.625], "texture": "#skin"}
			}
		},
		{
			"from": [5.5, 7.01048, 14.23194],
			"to": [10.5, 12.01048, 22.23194],
			"rotation": {"angle": 22.5, "axis": "x", "origin": [8, 14.10194, 15.61696]},
			"faces": {
				"north": {"uv": [1, 6.375, 1.625, 7], "texture": "#skin"},
				"east": {"uv": [0, 6.375, 1, 7], "texture": "#skin"},
				"south": {"uv": [2.625, 6.375, 3.25, 7], "texture": "#skin"},
				"west": {"uv": [1.625, 6.375, 2.625, 7], "texture": "#skin"},
				"up": {"uv": [1.625, 6.375, 1, 5.375], "texture": "#skin"},
				"down": {"uv": [2.25, 5.375, 1.625, 6.375], "texture": "#skin"}
			}
		},
		{
			"from": [6.5, 5.94376, 19.39208],
			"to": [9.5, 8.94376, 25.39208],
			"rotation": {"angle": 0, "axis": "y", "origin": [8, 14.10194, 15.61696]},
			"faces": {
				"north": {"uv": [8.5, 1.25, 8.875, 1.625], "texture": "#skin"},
				"east": {"uv": [7.75, 1.25, 8.5, 1.625], "texture": "#skin"},
				"south": {"uv": [9.625, 1.25, 10, 1.625], "texture": "#skin"},
				"west": {"uv": [8.875, 1.25, 9.625, 1.625], "texture": "#skin"},
				"up": {"uv": [8.875, 1.25, 8.5, 0.5], "texture": "#skin"},
				"down": {"uv": [9.25, 0.5, 8.875, 1.25], "texture": "#skin"}
			}
		},
		{
			"name": "tailtuft",
			"from": [6, 5.5, 18],
			"to": [10, 7.5, 23],
			"rotation": {"angle": 0, "axis": "y", "origin": [8, 14.10194, 15.61696]},
			"faces": {
				"east": {"uv": [9.375, 4.625, 9.125, 5.25], "rotation": 90, "texture": "#skin"},
				"west": {"uv": [10.25, 4.625, 10, 5.25], "rotation": 270, "texture": "#skin"},
				"down": {"uv": [10.25, 5.25, 10.875, 4.625], "texture": "#skin"}
			}
		},
		{
			"name": "tailtuft",
			"from": [6, 7.5, 18],
			"to": [10, 9.5, 23],
			"rotation": {"angle": 0, "axis": "y", "origin": [8, 14.10194, 15.61696]},
			"faces": {
				"east": {"uv": [9.125, 4.625, 9.375, 5.25], "rotation": 90, "texture": "#skin"},
				"west": {"uv": [10, 4.625, 10.25, 5.25], "rotation": 270, "texture": "#skin"},
				"up": {"uv": [10.25, 4.625, 10.875, 5.25], "texture": "#skin"}
			}
		},
		{
			"name": "endtuft",
			"from": [6.75, 6.25, 24.75],
			"to": [9.25, 8.75, 28.75],
			"rotation": {"angle": 0, "axis": "y", "origin": [8, 14.10194, 15.61696]},
			"faces": {
				"east": {"uv": [9.25, 0.375, 9.625, 0.875], "rotation": 90, "texture": "#skin"},
				"west": {"uv": [10, 0.375, 10.375, 0.875], "rotation": 270, "texture": "#skin"},
				"up": {"uv": [10.375, 0.375, 10.75, 0.875], "texture": "#skin"},
				"down": {"uv": [9.625, 0.375, 10, 0.875], "rotation": 180, "texture": "#skin"}
			}
		}
	],
	"groups": [
		{
			"name": "body",
			"origin": [8, 8.27219, 11.88085],
			"color": 0,
			"configs": {
				"default": {},
				"variants": {}
			},
			"children": [
				0,
				1,
				2,
				3,
				{
					"name": "abrot",
					"origin": [8, 5, 10],
					"color": 0,
					"configs": {
						"default": {},
						"variants": {}
					},
					"children": [4]
				},
				{
					"name": "bone89",
					"origin": [8, 6, 10],
					"color": 0,
					"configs": {
						"default": {},
						"variants": {}
					},
					"children": [5, 6, 7, 8, 9]
				}
			]
		}
	]
}