{
	"credit": "Made by Bret06 using Blockbench",
	"texture_size": [128, 128],
	"textures": {
		"1": "lunareclipse.watching:item/skins/werewolf/teeth",
		"2": "lunareclipse.watching:item/skins/werewolf/skin",
		"3": "lunareclipse.watching:item/skins/werewolf/claws",
		"particle": "lunareclipse.watching:item/skins/werewolf/claws"
	},
	"elements": [
		{
			"from": [11.1, 25, 0],
			"to": [12.1, 30, 4],
			"rotation": {"angle": 22.5, "axis": "x", "origin": [8, 25.5, 0]},
			"faces": {
				"north": {"uv": [4.75, 5.125, 4.875, 5.75], "texture": "#2"},
				"east": {"uv": [4.25, 5.125, 4.75, 5.75], "texture": "#2"},
				"south": {"uv": [5.375, 5.125, 5.5, 5.75], "texture": "#2"},
				"west": {"uv": [4.875, 5.125, 5.375, 5.75], "texture": "#2"},
				"up": {"uv": [4.875, 5.125, 4.75, 4.625], "texture": "#2"},
				"down": {"uv": [5, 4.625, 4.875, 5.125], "texture": "#2"}
			}
		},
		{
			"name": "eartuft",
			"from": [11.5, 24.25, -1.75],
			"to": [11.5, 27.25, 1.25],
			"rotation": {"angle": 22.5, "axis": "x", "origin": [8, 25, 0]},
			"faces": {
				"north": {"uv": [3.625, 8.5, 3.75, 9.25], "rotation": 180, "texture": "#2"},
				"east": {"uv": [3.625, 9.625, 4, 9.25], "rotation": 90, "texture": "#2"},
				"south": {"uv": [3.5, 9.25, 3.625, 8.5], "texture": "#2"},
				"west": {"uv": [3.125, 9.625, 3.5, 9.25], "rotation": 270, "texture": "#2"},
				"up": {"uv": [3.625, 9.25, 3.5, 9.75], "rotation": 180, "texture": "#2"},
				"down": {"uv": [4.5, 9.25, 4.375, 9.75], "texture": "#2"}
			}
		},
		{
			"name": "eartuft",
			"from": [11.5, 23.5, 3.5],
			"to": [11.5, 29.5, 7.5],
			"rotation": {"angle": 22.5, "axis": "x", "origin": [8, 25, 0]},
			"faces": {
				"north": {"uv": [3.625, 9.25, 3.5, 8.5], "texture": "#2"},
				"east": {"uv": [3.625, 9.25, 4.375, 9.75], "rotation": 90, "texture": "#2"},
				"south": {"uv": [3.75, 8.5, 3.625, 9.25], "rotation": 180, "texture": "#2"},
				"west": {"uv": [2.75, 9.25, 3.5, 9.75], "rotation": 270, "texture": "#2"},
				"up": {"uv": [3.625, 9.75, 3.5, 9.25], "rotation": 180, "texture": "#2"},
				"down": {"uv": [4.5, 9.75, 4.375, 9.25], "texture": "#2"}
			}
		},
		{
			"from": [3.9, 25, 0],
			"to": [4.9, 30, 4],
			"rotation": {"angle": 22.5, "axis": "x", "origin": [8, 25.5, 0]},
			"faces": {
				"north": {"uv": [0.5, 4.125, 0.625, 4.75], "texture": "#2"},
				"east": {"uv": [0, 4.125, 0.5, 4.75], "texture": "#2"},
				"south": {"uv": [1.125, 4.125, 1.25, 4.75], "texture": "#2"},
				"west": {"uv": [0.625, 4.125, 1.125, 4.75], "texture": "#2"},
				"up": {"uv": [0.625, 4.125, 0.5, 3.625], "texture": "#2"},
				"down": {"uv": [0.75, 3.625, 0.625, 4.125], "texture": "#2"}
			}
		},
		{
			"name": "eartuft",
			"from": [4.5, 23.5, 3.5],
			"to": [4.5, 29.5, 7.5],
			"rotation": {"angle": 22.5, "axis": "x", "origin": [8, 25, 0]},
			"faces": {
				"north": {"uv": [3.5, 9.25, 3.625, 8.5], "texture": "#2"},
				"east": {"uv": [2.75, 9.75, 3.5, 9.25], "rotation": 270, "texture": "#2"},
				"south": {"uv": [3.625, 8.5, 3.75, 9.25], "rotation": 180, "texture": "#2"},
				"west": {"uv": [3.625, 9.75, 4.375, 9.25], "rotation": 90, "texture": "#2"},
				"up": {"uv": [3.5, 9.75, 3.625, 9.25], "rotation": 180, "texture": "#2"},
				"down": {"uv": [4.375, 9.75, 4.5, 9.25], "texture": "#2"}
			}
		},
		{
			"name": "eartuft",
			"from": [4.5, 24.25, -1.75],
			"to": [4.5, 27.25, 1.25],
			"rotation": {"angle": 22.5, "axis": "x", "origin": [8, 25, 0]},
			"faces": {
				"north": {"uv": [3.75, 8.5, 3.625, 9.25], "rotation": 180, "texture": "#2"},
				"east": {"uv": [3.125, 9.25, 3.5, 9.625], "rotation": 270, "texture": "#2"},
				"south": {"uv": [3.625, 9.25, 3.5, 8.5], "texture": "#2"},
				"west": {"uv": [3.625, 9.25, 4, 9.625], "rotation": 90, "texture": "#2"},
				"up": {"uv": [3.5, 9.25, 3.625, 9.75], "rotation": 180, "texture": "#2"},
				"down": {"uv": [4.375, 9.25, 4.5, 9.75], "texture": "#2"}
			}
		},
		{
			"from": [4, 18, -2],
			"to": [12, 25, 6],
			"rotation": {"angle": 0, "axis": "y", "origin": [0, 5, -8]},
			"faces": {
				"north": {"uv": [1, 2.75, 2, 3.625], "texture": "#2"},
				"east": {"uv": [0, 2.75, 1, 3.625], "texture": "#2"},
				"south": {"uv": [3, 2.75, 4, 3.625], "texture": "#2"},
				"west": {"uv": [2, 2.75, 3, 3.625], "texture": "#2"},
				"up": {"uv": [2, 2.75, 1, 1.75], "texture": "#2"},
				"down": {"uv": [3, 1.75, 2, 2.75], "texture": "#2"}
			}
		},
		{
			"name": "backheadtuft",
			"from": [6, 10.75, 9.5],
			"to": [10, 15.75, 11.5],
			"rotation": {"angle": -22.5, "axis": "x", "origin": [0, 5, -8]},
			"faces": {
				"east": {"uv": [1.5, 9.75, 1.75, 10.375], "texture": "#2"},
				"south": {"uv": [2.5, 9.75, 3, 10.375], "texture": "#2"},
				"west": {"uv": [2.25, 9.75, 2.5, 10.375], "texture": "#2"}
			}
		},
		{
			"name": "headtuft",
			"from": [5, 18.5, 6],
			"to": [11, 20.5, 12],
			"rotation": {"angle": -22.5, "axis": "x", "origin": [0, 5, -8]},
			"faces": {
				"east": {"uv": [6.125, 4.625, 6.875, 4.875], "texture": "#2"},
				"west": {"uv": [7.625, 4.625, 8.375, 4.875], "texture": "#2"},
				"up": {"uv": [7.625, 4.625, 6.875, 3.875], "texture": "#2"}
			}
		},
		{
			"name": "cheektuft",
			"from": [17.25, 11.5, -1],
			"to": [17.25, 15.5, 5],
			"rotation": {"angle": 22.5, "axis": "z", "origin": [0, 5, -8]},
			"faces": {
				"north": {"uv": [9.25, 8.125, 9.375, 8.625], "texture": "#2"},
				"east": {"uv": [8.5, 8.125, 9.25, 8.625], "texture": "#2"},
				"south": {"uv": [10.125, 8.125, 10.25, 8.625], "texture": "#2"},
				"west": {"uv": [9.375, 8.125, 10.125, 8.625], "texture": "#2"},
				"up": {"uv": [9.375, 8.125, 9.25, 7.375], "texture": "#2"},
				"down": {"uv": [9.5, 7.375, 9.375, 8.125], "texture": "#2"}
			}
		},
		{
			"name": "cheektuft",
			"from": [-1.25, 11.5, -1],
			"to": [-1.25, 15.5, 5],
			"rotation": {"angle": -22.5, "axis": "z", "origin": [16, 5, -8]},
			"faces": {
				"north": {"uv": [3.5, 9.25, 3.625, 9.75], "texture": "#2"},
				"east": {"uv": [2.75, 9.25, 3.5, 9.75], "texture": "#2"},
				"south": {"uv": [4.375, 9.25, 4.5, 9.75], "texture": "#2"},
				"west": {"uv": [3.625, 9.25, 4.375, 9.75], "texture": "#2"},
				"up": {"uv": [3.625, 9.25, 3.5, 8.5], "texture": "#2"},
				"down": {"uv": [3.75, 8.5, 3.625, 9.25], "texture": "#2"}
			}
		},
		{
			"from": [6, 18, -8],
			"to": [10, 21, -2],
			"rotation": {"angle": 0, "axis": "y", "origin": [0, 5, -8]},
			"faces": {
				"north": {"uv": [7, 5.625, 7.5, 6], "texture": "#2"},
				"east": {"uv": [6.25, 5.625, 7, 6], "texture": "#2"},
				"south": {"uv": [8.25, 5.625, 8.75, 6], "texture": "#2"},
				"west": {"uv": [7.5, 5.625, 8.25, 6], "texture": "#2"},
				"up": {"uv": [7.5, 5.625, 7, 4.875], "texture": "#2"},
				"down": {"uv": [8, 4.875, 7.5, 5.625], "texture": "#2"}
			}
		},
		{
			"name": "snoutbridge",
			"from": [7, 16.5, 0.5],
			"to": [9, 18.5, 4.5],
			"rotation": {"angle": -22.5, "axis": "x", "origin": [0, 5, -8]},
			"faces": {
				"north": {"uv": [7.125, 5.875, 7.375, 6], "texture": "#2"},
				"east": {"uv": [6.25, 5.625, 6.75, 5.875], "texture": "#2"},
				"south": {"uv": [8.25, 5.625, 8.75, 6], "texture": "#2"},
				"west": {"uv": [7.75, 5.625, 8.25, 5.875], "texture": "#2"},
				"up": {"uv": [7.375, 5.375, 7.125, 4.875], "texture": "#2"},
				"down": {"uv": [7.875, 4.875, 7.625, 5.375], "texture": "#2"}
			}
		},
		{
			"from": [6.1, 17, -7],
			"to": [9.9, 18, -2],
			"rotation": {"angle": 0, "axis": "y", "origin": [8, 18, 3]},
			"faces": {
				"north": {"uv": [0, 6, 4, 7], "texture": "#1"},
				"east": {"uv": [0, 5, 5, 6], "texture": "#1"},
				"south": {"uv": [4, 6, 8, 7], "texture": "#1"},
				"west": {"uv": [0, 5, 5, 6], "texture": "#1"},
				"up": {"uv": [4, 5, 0, 0], "texture": "#1"},
				"down": {"uv": [8, 0, 4, 5], "texture": "#1"}
			}
		},
		{
			"from": [6, 16, -7],
			"to": [10, 18, -2],
			"rotation": {"angle": -22.5, "axis": "x", "origin": [8, 18, 3]},
			"faces": {
				"north": {"uv": [8.75, 6, 9.25, 6.25], "texture": "#2"},
				"east": {"uv": [8.125, 6, 8.75, 6.25], "texture": "#2"},
				"south": {"uv": [9.875, 6, 10.375, 6.25], "texture": "#2"},
				"west": {"uv": [9.25, 6, 9.875, 6.25], "texture": "#2"},
				"up": {"uv": [9.25, 6, 8.75, 5.375], "texture": "#2"},
				"down": {"uv": [9.75, 5.375, 9.25, 6], "texture": "#2"}
			}
		},
		{
			"from": [5, 16, -2],
			"to": [11, 18, 4],
			"rotation": {"angle": -22.5, "axis": "x", "origin": [8, 18, 3]},
			"faces": {
				"north": {"uv": [6.75, 3.25, 7.5, 3.5], "texture": "#2"},
				"east": {"uv": [6, 3.25, 6.75, 3.5], "texture": "#2"},
				"south": {"uv": [8.25, 3.25, 9, 3.5], "texture": "#2"},
				"west": {"uv": [7.5, 3.25, 8.25, 3.5], "texture": "#2"},
				"up": {"uv": [7.5, 3.25, 6.75, 2.5], "texture": "#2"},
				"down": {"uv": [8.25, 2.5, 7.5, 3.25], "texture": "#2"}
			}
		},
		{
			"name": "chintuft",
			"from": [6.5, 14, -4],
			"to": [9.5, 16, 2],
			"rotation": {"angle": -22.5, "axis": "x", "origin": [8, 18, 3]},
			"faces": {
				"north": {"uv": [2, 8.75, 2.375, 9], "texture": "#2"},
				"east": {"uv": [1.25, 8.75, 2, 9], "texture": "#2"},
				"south": {"uv": [3.125, 8.75, 3.5, 9], "texture": "#2"},
				"west": {"uv": [2.375, 8.75, 3.125, 9], "texture": "#2"}
			}
		},
		{
			"from": [6.1, 18, -6],
			"to": [9.9, 19, -1],
			"rotation": {"angle": -22.5, "axis": "x", "origin": [8, 18, 3]},
			"faces": {
				"north": {"uv": [0, 6, 4, 7], "texture": "#1"},
				"east": {"uv": [0, 5, 5, 6], "texture": "#1"},
				"south": {"uv": [4, 6, 8, 7], "texture": "#1"},
				"west": {"uv": [0, 5, 5, 6], "texture": "#1"},
				"up": {"uv": [4, 5, 0, 0], "texture": "#1"},
				"down": {"uv": [8, 0, 4, 5], "texture": "#1"}
			}
		},
		{
			"from": [3, 11, 6],
			"to": [13, 17, 14],
			"rotation": {"angle": -22.5, "axis": "x", "origin": [8, 5, 10]},
			"faces": {
				"north": {"uv": [1, 1, 2.25, 1.75], "texture": "#2"},
				"east": {"uv": [0, 1, 1, 1.75], "texture": "#2"},
				"south": {"uv": [3.25, 1, 4.5, 1.75], "texture": "#2"},
				"west": {"uv": [2.25, 1, 3.25, 1.75], "texture": "#2"},
				"up": {"uv": [2.25, 1, 1, 0], "texture": "#2"},
				"down": {"uv": [3.5, 0, 2.25, 1], "texture": "#2"}
			}
		},
		{
			"name": "backtuft",
			"from": [4.5, 9, 16],
			"to": [11.5, 14, 18],
			"rotation": {"angle": -45, "axis": "x", "origin": [8, 5, 10]},
			"faces": {
				"east": {"uv": [8.375, 3.75, 8.625, 4.375], "texture": "#2"},
				"south": {"uv": [9.75, 3.75, 10.625, 4.375], "texture": "#2"},
				"west": {"uv": [9.5, 3.75, 9.75, 4.375], "texture": "#2"}
			}
		},
		{
			"name": "backtuft",
			"from": [5, 6, 15],
			"to": [11, 11, 17],
			"rotation": {"angle": -45, "axis": "x", "origin": [8, 5, 10]},
			"faces": {
				"east": {"uv": [4.5, 8.875, 4.75, 9.5], "texture": "#2"},
				"south": {"uv": [5.75, 8.875, 6.5, 9.5], "texture": "#2"},
				"west": {"uv": [5.5, 8.875, 5.75, 9.5], "texture": "#2"}
			}
		},
		{
			"name": "backtuft",
			"from": [5.5, 3, 14],
			"to": [10.5, 8, 16],
			"rotation": {"angle": -45, "axis": "x", "origin": [8, 5, 10]},
			"faces": {
				"east": {"uv": [9.125, 4.625, 9.375, 5.25], "texture": "#2"},
				"south": {"uv": [10.25, 4.625, 10.875, 5.25], "texture": "#2"},
				"west": {"uv": [10, 4.625, 10.25, 5.25], "texture": "#2"}
			}
		},
		{
			"from": [6, 14, 7],
			"to": [10, 20, 11],
			"rotation": {"angle": -22.5, "axis": "x", "origin": [8, 5, 10]},
			"faces": {
				"north": {"uv": [8.75, 2.5, 9.25, 3.25], "texture": "#2"},
				"east": {"uv": [8.25, 2.5, 8.75, 3.25], "texture": "#2"},
				"south": {"uv": [9.75, 2.5, 10.25, 3.25], "texture": "#2"},
				"west": {"uv": [9.25, 2.5, 9.75, 3.25], "texture": "#2"},
				"up": {"uv": [9.25, 2.5, 8.75, 2], "texture": "#2"},
				"down": {"uv": [9.75, 2, 9.25, 2.5], "texture": "#2"}
			}
		},
		{
			"from": [4, 3, 7],
			"to": [12, 11, 14],
			"rotation": {"angle": -22.5, "axis": "x", "origin": [8, 5, 10]},
			"faces": {
				"north": {"uv": [4, 3.625, 5, 4.625], "texture": "#2"},
				"east": {"uv": [3.125, 3.625, 4, 4.625], "texture": "#2"},
				"south": {"uv": [5.875, 3.625, 6.875, 4.625], "texture": "#2"},
				"west": {"uv": [5, 3.625, 5.875, 4.625], "texture": "#2"},
				"up": {"uv": [5, 3.625, 4, 2.75], "texture": "#2"},
				"down": {"uv": [6, 2.75, 5, 3.625], "texture": "#2"}
			}
		},
		{
			"from": [5.5, 3, 13],
			"to": [10.5, 8, 21],
			"rotation": {"angle": 22.5, "axis": "x", "origin": [8, 6, 10]},
			"faces": {
				"north": {"uv": [1, 6.375, 1.625, 7], "texture": "#2"},
				"east": {"uv": [0, 6.375, 1, 7], "texture": "#2"},
				"south": {"uv": [2.625, 6.375, 3.25, 7], "texture": "#2"},
				"west": {"uv": [1.625, 6.375, 2.625, 7], "texture": "#2"},
				"up": {"uv": [1.625, 6.375, 1, 5.375], "texture": "#2"},
				"down": {"uv": [2.25, 5.375, 1.625, 6.375], "texture": "#2"}
			}
		},
		{
			"from": [6.5, -0.05624, 19.39208],
			"to": [9.5, 2.94376, 25.39208],
			"rotation": {"angle": 0, "axis": "y", "origin": [8, 6, 10]},
			"faces": {
				"north": {"uv": [8.5, 1.25, 8.875, 1.625], "texture": "#2"},
				"east": {"uv": [7.75, 1.25, 8.5, 1.625], "texture": "#2"},
				"south": {"uv": [9.625, 1.25, 10, 1.625], "texture": "#2"},
				"west": {"uv": [8.875, 1.25, 9.625, 1.625], "texture": "#2"},
				"up": {"uv": [8.875, 1.25, 8.5, 0.5], "texture": "#2"},
				"down": {"uv": [9.25, 0.5, 8.875, 1.25], "texture": "#2"}
			}
		},
		{
			"name": "tailtuft",
			"from": [6, -0.5, 18],
			"to": [10, 1.5, 23],
			"rotation": {"angle": 0, "axis": "y", "origin": [8, 6, 10]},
			"faces": {
				"east": {"uv": [9.375, 4.625, 9.125, 5.25], "rotation": 90, "texture": "#2"},
				"west": {"uv": [10.25, 4.625, 10, 5.25], "rotation": 270, "texture": "#2"},
				"down": {"uv": [10.25, 5.25, 10.875, 4.625], "texture": "#2"}
			}
		},
		{
			"name": "tailtuft",
			"from": [6, 1.5, 18],
			"to": [10, 3.5, 23],
			"rotation": {"angle": 0, "axis": "y", "origin": [8, 6, 10]},
			"faces": {
				"east": {"uv": [9.125, 4.625, 9.375, 5.25], "rotation": 90, "texture": "#2"},
				"west": {"uv": [10, 4.625, 10.25, 5.25], "rotation": 270, "texture": "#2"},
				"up": {"uv": [10.25, 4.625, 10.875, 5.25], "texture": "#2"}
			}
		},
		{
			"name": "endtuft",
			"from": [6.75, 0.25, 24.75],
			"to": [9.25, 2.75, 28.75],
			"rotation": {"angle": 0, "axis": "y", "origin": [8, 6, 10]},
			"faces": {
				"east": {"uv": [9.25, 0.375, 9.625, 0.875], "rotation": 90, "texture": "#2"},
				"west": {"uv": [10, 0.375, 10.375, 0.875], "rotation": 270, "texture": "#2"},
				"up": {"uv": [10.375, 0.375, 10.75, 0.875], "texture": "#2"},
				"down": {"uv": [9.625, 0.375, 10, 0.875], "rotation": 180, "texture": "#2"}
			}
		},
		{
			"from": [15.06713, 7, 4.09423],
			"to": [19.06713, 17, 8.09423],
			"rotation": {"angle": 22.5, "axis": "z", "origin": [17.06713, 9.34158, 6.04436]},
			"faces": {
				"north": {"uv": [7.75, 8.625, 7.25, 9.875], "texture": "#2"},
				"east": {"uv": [8.25, 8.625, 7.75, 9.875], "texture": "#2"},
				"south": {"uv": [8.75, 8.625, 8.25, 9.875], "texture": "#2"},
				"west": {"uv": [7.25, 8.625, 6.75, 9.875], "texture": "#2"},
				"up": {"uv": [7.25, 8.625, 7.75, 8.125], "texture": "#2"},
				"down": {"uv": [7.75, 8.125, 8.25, 8.625], "texture": "#2"}
			}
		},
		{
			"name": "tuft",
			"from": [15.56713, 4.68316, 4.49448],
			"to": [18.56713, 8.68316, 7.49448],
			"rotation": {"angle": 22.5, "axis": "z", "origin": [17.06713, 9.34158, 6.04436]},
			"faces": {
				"north": {"uv": [10, 6.625, 9.625, 7.125], "texture": "#2"},
				"east": {"uv": [10.375, 6.625, 10, 7.125], "texture": "#2"},
				"south": {"uv": [10.75, 6.625, 10.375, 7.125], "texture": "#2"},
				"west": {"uv": [9.625, 6.625, 9.25, 7.125], "texture": "#2"}
			}
		},
		{
			"from": [16.3, 3.55867, -3.76572],
			"to": [19.3, 7.55867, 6.23428],
			"rotation": {"angle": 22.5, "axis": "z", "origin": [17.09669, 7.65, 1.83864]},
			"faces": {
				"north": {"uv": [5.875, 6.375, 5.5, 6.875], "texture": "#2"},
				"east": {"uv": [7.125, 6.375, 5.875, 6.875], "texture": "#2"},
				"south": {"uv": [7.5, 6.375, 7.125, 6.875], "texture": "#2"},
				"west": {"uv": [5.5, 6.375, 4.25, 6.875], "texture": "#2"},
				"up": {"uv": [5.5, 6.375, 5.875, 5.125], "texture": "#2"},
				"down": {"uv": [5.875, 5.125, 6.25, 6.375], "texture": "#2"}
			}
		},
		{
			"from": [16.05, 3.30867, -4.01572],
			"to": [19.55, 7.80867, 6.48428],
			"rotation": {"angle": 22.5, "axis": "z", "origin": [17.09669, 7.65, 1.83864]},
			"faces": {
				"north": {"uv": [3, 4, 4.5, 6], "texture": "#3"},
				"east": {"uv": [0, 0, 5, 2], "texture": "#3"},
				"south": {"uv": [7.5, 6.375, 7.125, 6.875], "texture": "#3"},
				"west": {"uv": [5.5, 6.375, 4.25, 6.875], "texture": "#3"},
				"up": {"uv": [1.5, 9, 0, 4], "texture": "#3"},
				"down": {"uv": [5.875, 5.125, 6.25, 6.375], "texture": "#3"}
			}
		},
		{
			"name": "cube inverted",
			"from": [19.55, 7.80867, 6.48428],
			"to": [16.05, 3.30867, -4.01572],
			"rotation": {"angle": 22.5, "axis": "z", "origin": [17.09669, 7.65, 1.83864]},
			"faces": {
				"north": {"uv": [7.5, 6.875, 7.125, 6.375], "texture": "#3"},
				"east": {"uv": [5.5, 6.875, 4.25, 6.375], "texture": "#3"},
				"south": {"uv": [3, 6, 4.5, 4], "texture": "#3"},
				"west": {"uv": [0, 2, 5, 0], "texture": "#3"},
				"up": {"uv": [6.25, 5.125, 5.875, 6.375], "texture": "#3"},
				"down": {"uv": [0, 9, 1.5, 4], "texture": "#3"}
			}
		},
		{
			"from": [-3.06713, 7, 4.09423],
			"to": [0.93287, 17, 8.09423],
			"rotation": {"angle": -22.5, "axis": "z", "origin": [-1.06713, 9.34158, 6.04436]},
			"faces": {
				"north": {"uv": [7.25, 8.625, 7.75, 9.875], "texture": "#2"},
				"east": {"uv": [6.75, 8.625, 7.25, 9.875], "texture": "#2"},
				"south": {"uv": [8.25, 8.625, 8.75, 9.875], "texture": "#2"},
				"west": {"uv": [7.75, 8.625, 8.25, 9.875], "texture": "#2"},
				"up": {"uv": [7.75, 8.625, 7.25, 8.125], "texture": "#2"},
				"down": {"uv": [8.25, 8.125, 7.75, 8.625], "texture": "#2"}
			}
		},
		{
			"name": "tuft",
			"from": [-2.56713, 4.68316, 4.49448],
			"to": [0.43287, 8.68316, 7.49448],
			"rotation": {"angle": -22.5, "axis": "z", "origin": [-1.06713, 9.34158, 6.04436]},
			"faces": {
				"north": {"uv": [9.625, 6.625, 10, 7.125], "texture": "#2"},
				"east": {"uv": [9.25, 6.625, 9.625, 7.125], "texture": "#2"},
				"south": {"uv": [10.375, 6.625, 10.75, 7.125], "texture": "#2"},
				"west": {"uv": [10, 6.625, 10.375, 7.125], "texture": "#2"}
			}
		},
		{
			"from": [-3.3, 3.55867, -3.76572],
			"to": [-0.3, 7.55867, 6.23428],
			"rotation": {"angle": -22.5, "axis": "z", "origin": [-1.09669, 7.65, 1.83864]},
			"faces": {
				"north": {"uv": [5.5, 6.375, 5.875, 6.875], "texture": "#2"},
				"east": {"uv": [4.25, 6.375, 5.5, 6.875], "texture": "#2"},
				"south": {"uv": [7.125, 6.375, 7.5, 6.875], "texture": "#2"},
				"west": {"uv": [5.875, 6.375, 7.125, 6.875], "texture": "#2"},
				"up": {"uv": [5.875, 6.375, 5.5, 5.125], "texture": "#2"},
				"down": {"uv": [6.25, 5.125, 5.875, 6.375], "texture": "#2"}
			}
		},
		{
			"from": [-3.55, 3.30867, -4.01572],
			"to": [-0.05, 7.80867, 6.48428],
			"rotation": {"angle": -22.5, "axis": "z", "origin": [-1.09669, 7.65, 1.83864]},
			"faces": {
				"north": {"uv": [4.5, 4, 3, 6], "texture": "#3"},
				"east": {"uv": [4.25, 6.375, 5.5, 6.875], "texture": "#3"},
				"south": {"uv": [7.125, 6.375, 7.5, 6.875], "texture": "#3"},
				"west": {"uv": [5, 0, 0, 2], "texture": "#3"},
				"up": {"uv": [0, 9, 1.5, 4], "texture": "#3"},
				"down": {"uv": [6.25, 5.125, 5.875, 6.375], "texture": "#3"}
			}
		},
		{
			"name": "cube inverted",
			"from": [-0.05, 7.80867, 6.48428],
			"to": [-3.55, 3.30867, -4.01572],
			"rotation": {"angle": -22.5, "axis": "z", "origin": [-1.09669, 7.65, 1.83864]},
			"faces": {
				"north": {"uv": [7.125, 6.875, 7.5, 6.375], "texture": "#3"},
				"east": {"uv": [5, 2, 0, 0], "texture": "#3"},
				"south": {"uv": [4.5, 6, 3, 4], "texture": "#3"},
				"west": {"uv": [4.25, 6.875, 5.5, 6.375], "texture": "#3"},
				"up": {"uv": [5.875, 5.125, 6.25, 6.375], "texture": "#3"},
				"down": {"uv": [1.5, 9, 0, 4], "texture": "#3"}
			}
		},
		{
			"from": [3.07612, -4.02998, 6.61849],
			"to": [7.07612, 5.97002, 10.61849],
			"rotation": {"angle": 45, "axis": "x", "origin": [5.07612, 2.97002, 8.61849]},
			"faces": {
				"north": {"uv": [0.5, 7.5, 1, 8.75], "texture": "#2"},
				"east": {"uv": [0, 7.5, 0.5, 8.75], "texture": "#2"},
				"south": {"uv": [1.5, 7.5, 2, 8.75], "texture": "#2"},
				"west": {"uv": [1, 7.5, 1.5, 8.75], "texture": "#2"},
				"up": {"uv": [1, 7.5, 0.5, 7], "texture": "#2"},
				"down": {"uv": [1.5, 7, 1, 7.5], "texture": "#2"}
			}
		},
		{
			"name": "tuft",
			"from": [3.25, -5.5, 4],
			"to": [6.75, -2.5, 6],
			"rotation": {"angle": 22.5, "axis": "x", "origin": [5, 2, 8]},
			"faces": {
				"north": {"uv": [5.625, 2.125, 5.25, 2.5], "rotation": 180, "texture": "#2"},
				"east": {"uv": [4.5, 2.5, 4.875, 2.75], "rotation": 270, "texture": "#2"},
				"south": {"uv": [5.25, 2.5, 4.875, 2.125], "texture": "#2"},
				"west": {"uv": [5.25, 2.5, 5.625, 2.75], "rotation": 90, "texture": "#2"}
			}
		},
		{
			"from": [3.07612, -4.02998, 3.61849],
			"to": [7.07612, -1.02998, 13.61849],
			"rotation": {"angle": 22.5, "axis": "x", "origin": [5.07612, -2.02998, 3.61849]},
			"faces": {
				"north": {"uv": [1.25, 4.875, 1.75, 5.25], "texture": "#2"},
				"east": {"uv": [0, 4.875, 1.25, 5.25], "texture": "#2"},
				"south": {"uv": [3, 4.875, 3.5, 5.25], "texture": "#2"},
				"west": {"uv": [1.75, 4.875, 3, 5.25], "texture": "#2"},
				"up": {"uv": [1.75, 4.875, 1.25, 3.625], "texture": "#2"},
				"down": {"uv": [2.25, 3.625, 1.75, 4.875], "texture": "#2"}
			}
		},
		{
			"name": "tuft",
			"from": [3.25, 0.25, 12.5],
			"to": [6.75, 2.25, 15.5],
			"rotation": {"angle": 45, "axis": "x", "origin": [5, -2, 4]},
			"faces": {
				"east": {"uv": [4.5, 2.5, 4.875, 2.75], "texture": "#2"},
				"west": {"uv": [5.25, 2.5, 5.625, 2.75], "texture": "#2"},
				"up": {"uv": [5.25, 2.5, 4.875, 2.125], "texture": "#2"},
				"down": {"uv": [5.625, 2.125, 5.25, 2.5], "texture": "#2"}
			}
		},
		{
			"from": [3.57612, -11.87563, 11.36713],
			"to": [6.57612, -5.87563, 14.36713],
			"rotation": {"angle": 22.5, "axis": "x", "origin": [5.07612, -6.02998, 12.61849]},
			"faces": {
				"north": {"uv": [9.125, 9, 9.5, 9.75], "texture": "#2"},
				"east": {"uv": [8.75, 9, 9.125, 9.75], "texture": "#2"},
				"south": {"uv": [9.875, 9, 10.25, 9.75], "texture": "#2"},
				"west": {"uv": [9.5, 9, 9.875, 9.75], "texture": "#2"},
				"up": {"uv": [9.5, 9, 9.125, 8.625], "texture": "#2"},
				"down": {"uv": [9.875, 8.625, 9.5, 9], "texture": "#2"}
			}
		},
		{
			"from": [3.07612, -12.77861, 4.77284],
			"to": [7.07612, -10.77861, 12.77284],
			"rotation": {"angle": 0, "axis": "y", "origin": [5.07612, -6.02998, 12.61849]},
			"faces": {
				"north": {"uv": [6.75, 2.25, 7.25, 2.5], "texture": "#2"},
				"east": {"uv": [5.75, 2.25, 6.75, 2.5], "texture": "#2"},
				"south": {"uv": [8.25, 2.25, 8.75, 2.5], "texture": "#2"},
				"west": {"uv": [7.25, 2.25, 8.25, 2.5], "texture": "#2"},
				"up": {"uv": [7.25, 2.25, 6.75, 1.25], "texture": "#2"},
				"down": {"uv": [7.75, 1.25, 7.25, 2.25], "texture": "#2"}
			}
		},
		{
			"from": [2.15, -12.99863, 4.60435],
			"to": [6.65, -10.49863, 13.10435],
			"rotation": {"angle": 0, "axis": "y", "origin": [4.4, -2, 3.7]},
			"faces": {
				"north": {"uv": [4.5, 4.5, 2.5, 3.5], "texture": "#3"},
				"east": {"uv": [5.5, 1, 6.5, 1.25], "texture": "#3"},
				"south": {"uv": [8, 1, 8.5, 1.25], "texture": "#3"},
				"west": {"uv": [7, 1, 8, 1.25], "texture": "#3"},
				"up": {"uv": [5, 0, 1.5, 2], "rotation": 90, "texture": "#3"},
				"down": {"uv": [7.5, 0, 7, 1], "texture": "#3"}
			}
		},
		{
			"from": [9, -4, 7],
			"to": [13, 6, 11],
			"rotation": {"angle": 45, "axis": "x", "origin": [11, 3, 9]},
			"faces": {
				"north": {"uv": [5.75, 7.375, 6.25, 8.625], "texture": "#2"},
				"east": {"uv": [5.25, 7.375, 5.75, 8.625], "texture": "#2"},
				"south": {"uv": [6.75, 7.375, 7.25, 8.625], "texture": "#2"},
				"west": {"uv": [6.25, 7.375, 6.75, 8.625], "texture": "#2"},
				"up": {"uv": [6.25, 7.375, 5.75, 6.875], "texture": "#2"},
				"down": {"uv": [6.75, 6.875, 6.25, 7.375], "texture": "#2"}
			}
		},
		{
			"name": "tuft",
			"from": [9.25, -5.5, 4],
			"to": [12.75, -2.5, 6],
			"rotation": {"angle": 22.5, "axis": "x", "origin": [11, 2, 8]},
			"faces": {
				"north": {"uv": [5.25, 2.125, 5.625, 2.5], "rotation": 180, "texture": "#2"},
				"east": {"uv": [5.25, 2.75, 5.625, 2.5], "rotation": 90, "texture": "#2"},
				"south": {"uv": [4.875, 2.5, 5.25, 2.125], "texture": "#2"},
				"west": {"uv": [4.5, 2.75, 4.875, 2.5], "rotation": 270, "texture": "#2"}
			}
		},
		{
			"from": [9, -4, 4],
			"to": [13, -1, 14],
			"rotation": {"angle": 22.5, "axis": "x", "origin": [11, -2, 4]},
			"faces": {
				"north": {"uv": [4.5, 1.75, 5, 2.125], "texture": "#2"},
				"east": {"uv": [3.25, 1.75, 4.5, 2.125], "texture": "#2"},
				"south": {"uv": [6.25, 1.75, 6.75, 2.125], "texture": "#2"},
				"west": {"uv": [5, 1.75, 6.25, 2.125], "texture": "#2"},
				"up": {"uv": [5, 1.75, 4.5, 0.5], "texture": "#2"},
				"down": {"uv": [5.5, 0.5, 5, 1.75], "texture": "#2"}
			}
		},
		{
			"name": "tuft",
			"from": [9.25, 0.5, 12.5],
			"to": [12.75, 2.5, 15.5],
			"rotation": {"angle": 45, "axis": "x", "origin": [11, -2, 4]},
			"faces": {
				"east": {"uv": [3, 2.5, 3.375, 2.75], "texture": "#2"},
				"west": {"uv": [3.75, 2.5, 4.125, 2.75], "texture": "#2"},
				"up": {"uv": [3.75, 2.5, 3.375, 2.125], "texture": "#2"},
				"down": {"uv": [4.125, 2.125, 3.75, 2.5], "texture": "#2"}
			}
		},
		{
			"from": [9.5, -8.09565, 12.49863],
			"to": [12.5, -2.09565, 15.49863],
			"rotation": {"angle": 22.5, "axis": "x", "origin": [11, -2, 4]},
			"faces": {
				"north": {"uv": [0.375, 9.125, 0.75, 9.875], "texture": "#2"},
				"east": {"uv": [0, 9.125, 0.375, 9.875], "texture": "#2"},
				"south": {"uv": [1.125, 9.125, 1.5, 9.875], "texture": "#2"},
				"west": {"uv": [0.75, 9.125, 1.125, 9.875], "texture": "#2"},
				"up": {"uv": [0.75, 9.125, 0.375, 8.75], "texture": "#2"},
				"down": {"uv": [1.125, 8.75, 0.75, 9.125], "texture": "#2"}
			}
		},
		{
			"from": [9, -12.74863, 5.15435],
			"to": [13, -10.74863, 13.15435],
			"rotation": {"angle": 0, "axis": "y", "origin": [11, -2, 4]},
			"faces": {
				"north": {"uv": [6.5, 1, 7, 1.25], "texture": "#2"},
				"east": {"uv": [5.5, 1, 6.5, 1.25], "texture": "#2"},
				"south": {"uv": [8, 1, 8.5, 1.25], "texture": "#2"},
				"west": {"uv": [7, 1, 8, 1.25], "texture": "#2"},
				"up": {"uv": [7, 1, 6.5, 0], "texture": "#2"},
				"down": {"uv": [7.5, 0, 7, 1], "texture": "#2"}
			}
		},
		{
			"from": [9.35, -12.99863, 4.60435],
			"to": [13.85, -10.49863, 13.10435],
			"rotation": {"angle": 0, "axis": "y", "origin": [11.6, -2, 3.7]},
			"faces": {
				"north": {"uv": [2.5, 4.5, 4.5, 3.5], "texture": "#3"},
				"east": {"uv": [5.5, 1, 6.5, 1.25], "texture": "#3"},
				"south": {"uv": [8, 1, 8.5, 1.25], "texture": "#3"},
				"west": {"uv": [7, 1, 8, 1.25], "texture": "#3"},
				"up": {"uv": [5, 2, 1.5, 0], "rotation": 90, "texture": "#3"},
				"down": {"uv": [7.5, 0, 7, 1], "texture": "#3"}
			}
		}
	],
	"groups": [
		{
			"name": "allmodel",
			"origin": [8, 10, 4],
			"color": 0,
			"configs": {
				"default": {},
				"variants": {}
			},
			"children": [
				{
					"name": "posthead_lobo",
					"origin": [8, 17.3608, 3.87104],
					"color": 0,
					"configs": {
						"default": {},
						"variants": {}
					},
					"children": [
						0,
						1,
						2,
						3,
						4,
						5,
						6,
						7,
						8,
						9,
						10,
						11,
						12,
						13,
						{
							"name": "bone2",
							"origin": [8, 18, 3],
							"color": 0,
							"configs": {
								"default": {},
								"variants": {}
							},
							"children": [14, 15, 16, 17]
						}
					]
				},
				{
					"name": "body",
					"origin": [8, 8.27219, 11.88085],
					"color": 0,
					"configs": {
						"default": {},
						"variants": {}
					},
					"children": [
						18,
						19,
						20,
						21,
						22,
						{
							"name": "abrot",
							"origin": [8, 5, 10],
							"color": 0,
							"configs": {
								"default": {},
								"variants": {}
							},
							"children": [23]
						},
						{
							"name": "bone89",
							"origin": [8, 6, 10],
							"color": 0,
							"configs": {
								"default": {},
								"variants": {}
							},
							"children": [24, 25, 26, 27, 28]
						}
					]
				},
				{
					"name": "arm0allrot2",
					"origin": [3, 15, 6],
					"color": 0,
					"configs": {
						"default": {},
						"variants": {}
					},
					"children": [
						29,
						30,
						{
							"name": "bone4",
							"origin": [1.5, 7, 6],
							"color": 0,
							"configs": {
								"default": {},
								"variants": {}
							},
							"children": [31, 32, 33]
						}
					]
				},
				{
					"name": "arm0allrot2",
					"origin": [3, 15, 6],
					"color": 0,
					"configs": {
						"default": {},
						"variants": {}
					},
					"children": [
						34,
						35,
						{
							"name": "bone4",
							"origin": [1.5, 7, 6],
							"color": 0,
							"configs": {
								"default": {},
								"variants": {}
							},
							"children": [36, 37, 38]
						}
					]
				},
				{
					"name": "leg0a2",
					"origin": [6, 6, 11],
					"color": 0,
					"configs": {
						"default": {},
						"variants": {}
					},
					"children": [
						39,
						40,
						{
							"name": "leg0b2",
							"origin": [5.07612, -2.02998, 3.61849],
							"color": 0,
							"configs": {
								"default": {},
								"variants": {}
							},
							"children": [
								41,
								42,
								{
									"name": "leg0c2",
									"origin": [5.07612, -6.02998, 12.61849],
									"color": 0,
									"configs": {
										"default": {},
										"variants": {}
									},
									"children": [43, 44, 45]
								}
							]
						}
					]
				},
				{
					"name": "leg0a",
					"origin": [10, 6, 11],
					"color": 0,
					"configs": {
						"default": {},
						"variants": {}
					},
					"children": [
						46,
						47,
						{
							"name": "leg0b",
							"origin": [11, -2, 4],
							"color": 0,
							"configs": {
								"default": {},
								"variants": {}
							},
							"children": [
								48,
								49,
								{
									"name": "leg0c",
									"origin": [11, -5.5, 13.3],
									"color": 0,
									"configs": {
										"default": {},
										"variants": {}
									},
									"children": [50, 51, 52]
								}
							]
						}
					]
				}
			]
		}
	]
}