{
	"credit": "Made by Bret06 using Blockbench",
	"texture_size": [32, 32],
	"textures": {
		"1": "lunareclipse.watching:item/skins/lunar_eclipse/webster_emissive",
		"particle": "lunareclipse.watching:item/skins/lunar_eclipse/webster_emissive",
		"skin": "lunareclipse.watching:item/skins/lunar_eclipse/skin_emissive"
	},
	"elements": [
		{
			"name": "head",
			"from": [4, 8, 4],
			"to": [12, 16, 12],
			"rotation": {"angle": 0, "axis": "y", "origin": [8, 8, 8]},
			"faces": {
				"north": {"uv": [2, 2, 4, 4], "texture": "#skin"},
				"east": {"uv": [0, 2, 2, 4], "texture": "#skin"},
				"south": {"uv": [6, 2, 8, 4], "texture": "#skin"},
				"west": {"uv": [4, 2, 6, 4], "texture": "#skin"},
				"up": {"uv": [4, 2, 2, 0], "texture": "#skin"},
				"down": {"uv": [6, 0, 4, 2], "texture": "#skin"}
			}
		},
		{
			"name": "headwear",
			"from": [3.5, 7.5, 3.5],
			"to": [12.5, 16.5, 12.5],
			"rotation": {"angle": 0, "axis": "y", "origin": [8, 8, 8]},
			"faces": {
				"north": {"uv": [10, 2, 12, 4], "texture": "#skin"},
				"east": {"uv": [8, 2, 10, 4], "texture": "#skin"},
				"south": {"uv": [14, 2, 16, 4], "texture": "#skin"},
				"west": {"uv": [12, 2, 14, 4], "texture": "#skin"},
				"up": {"uv": [12, 2, 10, 0], "texture": "#skin"},
				"down": {"uv": [14, 0, 12, 2], "texture": "#skin"}
			}
		},
		{
			"name": "headwear inverted",
			"from": [12.5, 16.5, 12.5],
			"to": [3.5, 7.5, 3.5],
			"rotation": {"angle": 0, "axis": "y", "origin": [8, 8, 8]},
			"faces": {
				"north": {"uv": [14, 4, 16, 2], "texture": "#skin"},
				"east": {"uv": [12, 4, 14, 2], "texture": "#skin"},
				"south": {"uv": [10, 4, 12, 2], "texture": "#skin"},
				"west": {"uv": [8, 4, 10, 2], "texture": "#skin"},
				"up": {"uv": [12, 0, 14, 2], "texture": "#skin"},
				"down": {"uv": [10, 2, 12, 0], "texture": "#skin"}
			}
		},
		{
			"name": "bone5",
			"from": [9.4997, 16.01339, 7.20839],
			"to": [13.4997, 17.01339, 8.20839],
			"rotation": {"angle": 0, "axis": "y", "origin": [8, 29.0067, 7.51982]},
			"faces": {
				"north": {"uv": [5.5, 1.5, 7.5, 2], "texture": "#1"},
				"east": {"uv": [5, 1.5, 5.5, 2], "texture": "#1"},
				"south": {"uv": [8, 1.5, 10, 2], "texture": "#1"},
				"west": {"uv": [7.5, 1.5, 8, 2], "texture": "#1"},
				"up": {"uv": [7.5, 1.5, 5.5, 1], "texture": "#1"},
				"down": {"uv": [9.5, 1, 7.5, 1.5], "texture": "#1"}
			}
		},
		{
			"name": "bone6",
			"from": [2.5003, 16.01339, 7.20839],
			"to": [6.5003, 17.01339, 8.20839],
			"rotation": {"angle": 45, "axis": "y", "origin": [8, 29.0067, 7.51982]},
			"faces": {
				"north": {"uv": [7.5, 1.5, 5.5, 2], "texture": "#1"},
				"east": {"uv": [8, 1.5, 7.5, 2], "texture": "#1"},
				"south": {"uv": [10, 1.5, 8, 2], "texture": "#1"},
				"west": {"uv": [5.5, 1.5, 5, 2], "texture": "#1"},
				"up": {"uv": [5.5, 1.5, 7.5, 1], "texture": "#1"},
				"down": {"uv": [7.5, 1, 9.5, 1.5], "texture": "#1"}
			}
		},
		{
			"name": "bone6",
			"from": [9.78189, 16.01339, 7.50859],
			"to": [13.78189, 17.01339, 8.50859],
			"rotation": {"angle": -22.5, "axis": "y", "origin": [8, 29.0067, 7.51982]},
			"faces": {
				"north": {"uv": [5.5, 1.5, 7.5, 2], "texture": "#1"},
				"east": {"uv": [5, 1.5, 5.5, 2], "texture": "#1"},
				"south": {"uv": [8, 1.5, 10, 2], "texture": "#1"},
				"west": {"uv": [7.5, 1.5, 8, 2], "texture": "#1"},
				"up": {"uv": [7.5, 1.5, 5.5, 1], "texture": "#1"},
				"down": {"uv": [9.5, 1, 7.5, 1.5], "texture": "#1"}
			}
		},
		{
			"name": "bone7",
			"from": [7.98877, 16.01339, 9.30171],
			"to": [8.98877, 17.01339, 13.30171],
			"rotation": {"angle": -22.5, "axis": "y", "origin": [8, 29.0067, 7.51982]},
			"faces": {
				"north": {"uv": [8, 1.5, 7.5, 2], "texture": "#1"},
				"east": {"uv": [10, 1.5, 8, 2], "texture": "#1"},
				"south": {"uv": [5.5, 1.5, 5, 2], "texture": "#1"},
				"west": {"uv": [7.5, 1.5, 5.5, 2], "texture": "#1"},
				"up": {"uv": [5.5, 1.5, 7.5, 1], "rotation": 270, "texture": "#1"},
				"down": {"uv": [7.5, 1, 9.5, 1.5], "rotation": 90, "texture": "#1"}
			}
		},
		{
			"name": "bone7",
			"from": [9.35409, 16.01339, 7.79426],
			"to": [13.35409, 17.01339, 8.79426],
			"rotation": {"angle": 45, "axis": "y", "origin": [8, 29.0067, 7.51982]},
			"faces": {
				"north": {"uv": [5.5, 1.5, 7.5, 2], "texture": "#1"},
				"east": {"uv": [5, 1.5, 5.5, 2], "texture": "#1"},
				"south": {"uv": [8, 1.5, 10, 2], "texture": "#1"},
				"west": {"uv": [7.5, 1.5, 8, 2], "texture": "#1"},
				"up": {"uv": [7.5, 1.5, 5.5, 1], "texture": "#1"},
				"down": {"uv": [9.5, 1, 7.5, 1.5], "texture": "#1"}
			}
		},
		{
			"name": "bone8",
			"from": [2.64591, 16.01339, 7.79426],
			"to": [6.64591, 17.01339, 8.79426],
			"rotation": {"angle": 0, "axis": "y", "origin": [8, 29.0067, 7.51982]},
			"faces": {
				"north": {"uv": [7.5, 1.5, 5.5, 2], "texture": "#1"},
				"east": {"uv": [8, 1.5, 7.5, 2], "texture": "#1"},
				"south": {"uv": [10, 1.5, 8, 2], "texture": "#1"},
				"west": {"uv": [5.5, 1.5, 5, 2], "texture": "#1"},
				"up": {"uv": [5.5, 1.5, 7.5, 1], "texture": "#1"},
				"down": {"uv": [7.5, 1, 9.5, 1.5], "texture": "#1"}
			}
		},
		{
			"name": "bone8",
			"from": [7.79393, 16.01339, 2.58657],
			"to": [8.79393, 17.01339, 6.58657],
			"rotation": {"angle": -22.5, "axis": "y", "origin": [8, 29.0067, 7.51982]},
			"faces": {
				"north": {"uv": [5, 1.5, 5.5, 2], "texture": "#1"},
				"east": {"uv": [8, 1.5, 10, 2], "texture": "#1"},
				"south": {"uv": [7.5, 1.5, 8, 2], "texture": "#1"},
				"west": {"uv": [5.5, 1.5, 7.5, 2], "texture": "#1"},
				"up": {"uv": [7.5, 1.5, 5.5, 1], "rotation": 270, "texture": "#1"},
				"down": {"uv": [9.5, 1, 7.5, 1.5], "rotation": 90, "texture": "#1"}
			}
		},
		{
			"name": "bone9",
			"from": [3.06675, 16.01339, 7.31375],
			"to": [7.06675, 17.01339, 8.31375],
			"rotation": {"angle": -22.5, "axis": "y", "origin": [8, 29.0067, 7.51982]},
			"faces": {
				"north": {"uv": [7.5, 1.5, 5.5, 2], "texture": "#1"},
				"east": {"uv": [8, 1.5, 7.5, 2], "texture": "#1"},
				"south": {"uv": [10, 1.5, 8, 2], "texture": "#1"},
				"west": {"uv": [5.5, 1.5, 5, 2], "texture": "#1"},
				"up": {"uv": [5.5, 1.5, 7.5, 1], "texture": "#1"},
				"down": {"uv": [7.5, 1, 9.5, 1.5], "texture": "#1"}
			}
		},
		{
			"from": [6.5, 16, 3],
			"to": [9.5, 19, 6],
			"rotation": {"angle": 22.5, "axis": "y", "origin": [8, 17.0067, 7.51982]},
			"faces": {
				"north": {"uv": [1.5, 5, 3, 6.5], "texture": "#1"},
				"east": {"uv": [0, 5, 1.5, 6.5], "texture": "#1"},
				"south": {"uv": [4.5, 5, 6, 6.5], "texture": "#1"},
				"west": {"uv": [3, 5, 4.5, 6.5], "texture": "#1"},
				"up": {"uv": [3, 5, 1.5, 3.5], "texture": "#1"},
				"down": {"uv": [4.5, 3.5, 3, 5], "texture": "#1"}
			}
		},
		{
			"from": [6.25, 15.75, 6.75],
			"to": [9.75, 19.25, 11.25],
			"rotation": {"angle": 22.5, "axis": "y", "origin": [8, 17.0067, 7.51982]},
			"faces": {
				"north": {"uv": [2, 2, 3.5, 3.5], "texture": "#1"},
				"east": {"uv": [0, 2, 2, 3.5], "texture": "#1"},
				"south": {"uv": [5.5, 2, 7, 3.5], "texture": "#1"},
				"west": {"uv": [3.5, 2, 5.5, 3.5], "texture": "#1"},
				"up": {"uv": [3.5, 2, 2, 0], "texture": "#1"},
				"down": {"uv": [5, 0, 3.5, 2], "texture": "#1"}
			}
		},
		{
			"from": [7, 16.5, 6],
			"to": [9, 18.5, 7],
			"rotation": {"angle": 22.5, "axis": "y", "origin": [8, 17.0067, 7.51982]},
			"faces": {
				"north": {"uv": [0.5, 8, 1.5, 9], "texture": "#1"},
				"east": {"uv": [0, 8, 0.5, 9], "texture": "#1"},
				"south": {"uv": [2, 8, 3, 9], "texture": "#1"},
				"west": {"uv": [1.5, 8, 2, 9], "texture": "#1"},
				"up": {"uv": [1.5, 8, 0.5, 7.5], "texture": "#1"},
				"down": {"uv": [2.5, 7.5, 1.5, 8], "texture": "#1"}
			}
		}
	],
	"groups": [
		{
			"name": "head",
			"origin": [8, 10, 8],
			"color": 0,
			"children": [
				0,
				{
					"name": "headwear",
					"origin": [8, 10, 8],
					"color": 0,
					"children": [1, 2]
				}
			]
		},
		{
			"name": "bone10",
			"origin": [0, 0, 0],
			"color": 0,
			"children": [
				{
					"name": "bone5",
					"origin": [1.5, 2, -2.5],
					"rotation": [0, -32.5, -47.5],
					"color": 0,
					"children": [3, 4]
				},
				{
					"name": "bone6",
					"origin": [2, 0.7, -0.2],
					"rotation": [0, -47.5, -47.5],
					"color": 0,
					"children": [5, 6]
				},
				{
					"name": "bone7",
					"origin": [1.5, 2, -2.5],
					"rotation": [0, 2.5, -47.5],
					"color": 0,
					"children": [7, 8]
				},
				{
					"name": "bone8",
					"origin": [1.5, 2, -2.5],
					"rotation": [0, 35, -47.5],
					"color": 0,
					"children": [9, 10]
				},
				{
					"name": "bone2",
					"origin": [-0.5, 2, -2.5],
					"rotation": [0, 32.5, 47.5],
					"color": 0,
					"children": []
				},
				{
					"name": "bone4",
					"origin": [-0.5, 2, -2.5],
					"rotation": [0, -35, 47.5],
					"color": 0,
					"children": []
				},
				{
					"name": "bone3",
					"origin": [-0.5, 2, -2.5],
					"rotation": [0, -2.5, 47.5],
					"color": 0,
					"children": []
				},
				{
					"name": "bone9",
					"origin": [-1, 0.7, -0.2],
					"rotation": [0, 47.5, 47.5],
					"color": 0,
					"children": []
				},
				{
					"name": "bone",
					"origin": [0, 0, 0],
					"color": 0,
					"children": [11, 12, 13]
				}
			]
		}
	]
}