{
	"credit": "Made by Bret06 using Blockbench",
	"textures": {
		"1": "lunareclipse.watching:item/skins/glitch/glitch",
		"skin": "lunareclipse.watching:item/skins/glitch/glitch_main",
		"particle": "lunareclipse.watching:item/skins/glitch/glitch"
	},
	"elements": [
		{
			"name": "body",
			"from": [4, 8, 6],
			"to": [12, 20, 10],
			"rotation": {"angle": 0, "axis": "y", "origin": [8, 14, 8]},
			"faces": {
				"north": {"uv": [5, 5, 7, 8], "texture": "#skin"},
				"east": {"uv": [4, 5, 5, 8], "texture": "#skin"},
				"south": {"uv": [8, 5, 10, 8], "texture": "#skin"},
				"west": {"uv": [7, 5, 8, 8], "texture": "#skin"},
				"up": {"uv": [7, 5, 5, 4], "texture": "#skin"},
				"down": {"uv": [9, 4, 7, 5], "texture": "#skin"}
			}
		},
		{
			"name": "jacket",
			"from": [3.75, 7.75, 5.75],
			"to": [12.25, 20.25, 10.25],
			"rotation": {"angle": 0, "axis": "y", "origin": [8, 14, 8]},
			"faces": {
				"north": {"uv": [5, 9, 7, 12], "texture": "#skin"},
				"east": {"uv": [4, 9, 5, 12], "texture": "#skin"},
				"south": {"uv": [8, 9, 10, 12], "texture": "#skin"},
				"west": {"uv": [7, 9, 8, 12], "texture": "#skin"},
				"up": {"uv": [7, 9, 5, 8], "texture": "#skin"},
				"down": {"uv": [9, 8, 7, 9], "texture": "#skin"}
			}
		},
		{
			"name": "jacket inverted",
			"from": [12.25, 20.25, 10.25],
			"to": [3.75, 7.75, 5.75],
			"rotation": {"angle": 0, "axis": "y", "origin": [8, 14, 8]},
			"faces": {
				"north": {"uv": [8, 12, 10, 9], "texture": "#skin"},
				"east": {"uv": [7, 12, 8, 9], "texture": "#skin"},
				"south": {"uv": [5, 12, 7, 9], "texture": "#skin"},
				"west": {"uv": [4, 12, 5, 9], "texture": "#skin"},
				"up": {"uv": [7, 8, 9, 9], "texture": "#skin"},
				"down": {"uv": [5, 9, 7, 8], "texture": "#skin"}
			}
		},
		{
			"name": "frame1b",
			"from": [11.7, 20, 10.1],
			"to": [3.7, 8, 6.1],
			"rotation": {"angle": 0, "axis": "y", "origin": [0, -4.1, 0]},
			"faces": {
				"north": {"uv": [0, 0, 1, 1], "texture": "#1"},
				"east": {"uv": [0, 0, 1, 1], "texture": "#1"},
				"south": {"uv": [0, 0, 1, 1], "texture": "#1"},
				"west": {"uv": [0, 0, 1, 1], "texture": "#1"},
				"up": {"uv": [0, 0, 1, 1], "texture": "#1"},
				"down": {"uv": [0, 0, 1, 1], "texture": "#1"}
			}
		},
		{
			"name": "frame1r",
			"from": [12.3, 19.8, 9.9],
			"to": [4.3, 7.8, 5.9],
			"rotation": {"angle": 0, "axis": "y", "origin": [0, -4.1, 0]},
			"faces": {
				"north": {"uv": [0, 1, 1, 2], "texture": "#1"},
				"east": {"uv": [0, 1, 1, 2], "texture": "#1"},
				"south": {"uv": [0, 1, 1, 2], "texture": "#1"},
				"west": {"uv": [0, 1, 1, 2], "texture": "#1"},
				"up": {"uv": [0, 1, 1, 2], "texture": "#1"},
				"down": {"uv": [0, 1, 1, 2], "texture": "#1"}
			}
		},
		{
			"name": "frame2b",
			"from": [11.8, 20.1, 10.2],
			"to": [3.8, 8.1, 6.2],
			"rotation": {"angle": 0, "axis": "y", "origin": [0, -4.1, 0]},
			"faces": {
				"north": {"uv": [1, 0, 2, 1], "texture": "#1"},
				"east": {"uv": [1, 0, 2, 1], "texture": "#1"},
				"south": {"uv": [1, 0, 2, 1], "texture": "#1"},
				"west": {"uv": [1, 0, 2, 1], "texture": "#1"},
				"up": {"uv": [1, 0, 2, 1], "texture": "#1"},
				"down": {"uv": [1, 0, 2, 1], "texture": "#1"}
			}
		},
		{
			"name": "frame2r",
			"from": [12.2, 19.7, 9.8],
			"to": [4.2, 7.7, 5.8],
			"rotation": {"angle": 0, "axis": "y", "origin": [0, -4.1, 0]},
			"faces": {
				"north": {"uv": [1, 1, 2, 2], "texture": "#1"},
				"east": {"uv": [1, 1, 2, 2], "texture": "#1"},
				"south": {"uv": [1, 1, 2, 2], "texture": "#1"},
				"west": {"uv": [1, 1, 2, 2], "texture": "#1"},
				"up": {"uv": [1, 1, 2, 2], "texture": "#1"},
				"down": {"uv": [1, 1, 2, 2], "texture": "#1"}
			}
		},
		{
			"name": "frame3b",
			"from": [11.7, 20.2, 10.3],
			"to": [3.7, 8.2, 6.3],
			"rotation": {"angle": 0, "axis": "y", "origin": [0, -4.1, 0]},
			"faces": {
				"north": {"uv": [2, 0, 3, 1], "texture": "#1"},
				"east": {"uv": [2, 0, 3, 1], "texture": "#1"},
				"south": {"uv": [2, 0, 3, 1], "texture": "#1"},
				"west": {"uv": [2, 0, 3, 1], "texture": "#1"},
				"up": {"uv": [2, 0, 3, 1], "texture": "#1"},
				"down": {"uv": [2, 0, 3, 1], "texture": "#1"}
			}
		},
		{
			"name": "frame3r",
			"from": [12.3, 19.6, 9.7],
			"to": [4.3, 7.6, 5.7],
			"rotation": {"angle": 0, "axis": "y", "origin": [0, -4.1, 0]},
			"faces": {
				"north": {"uv": [2, 1, 3, 2], "texture": "#1"},
				"east": {"uv": [2, 1, 3, 2], "texture": "#1"},
				"south": {"uv": [2, 1, 3, 2], "texture": "#1"},
				"west": {"uv": [2, 1, 3, 2], "texture": "#1"},
				"up": {"uv": [2, 1, 3, 2], "texture": "#1"},
				"down": {"uv": [2, 1, 3, 2], "texture": "#1"}
			}
		},
		{
			"name": "frame4b",
			"from": [11.6, 20.1, 10.4],
			"to": [3.6, 8.1, 6.4],
			"rotation": {"angle": 0, "axis": "y", "origin": [0, -4.1, 0]},
			"faces": {
				"north": {"uv": [3, 0, 4, 1], "texture": "#1"},
				"east": {"uv": [3, 0, 4, 1], "texture": "#1"},
				"south": {"uv": [3, 0, 4, 1], "texture": "#1"},
				"west": {"uv": [3, 0, 4, 1], "texture": "#1"},
				"up": {"uv": [3, 0, 4, 1], "texture": "#1"},
				"down": {"uv": [3, 0, 4, 1], "texture": "#1"}
			}
		},
		{
			"name": "frame4r",
			"from": [12.4, 19.7, 9.6],
			"to": [4.4, 7.7, 5.6],
			"rotation": {"angle": 0, "axis": "y", "origin": [0, -4.1, 0]},
			"faces": {
				"north": {"uv": [3, 1, 4, 2], "texture": "#1"},
				"east": {"uv": [3, 1, 4, 2], "texture": "#1"},
				"south": {"uv": [3, 1, 4, 2], "texture": "#1"},
				"west": {"uv": [3, 1, 4, 2], "texture": "#1"},
				"up": {"uv": [3, 1, 4, 2], "texture": "#1"},
				"down": {"uv": [3, 1, 4, 2], "texture": "#1"}
			}
		},
		{
			"name": "frame5b",
			"from": [11.5, 20.4, 10.5],
			"to": [3.5, 8.4, 6.5],
			"rotation": {"angle": 0, "axis": "y", "origin": [0, -4.1, 0]},
			"faces": {
				"north": {"uv": [4, 0, 5, 1], "texture": "#1"},
				"east": {"uv": [4, 0, 5, 1], "texture": "#1"},
				"south": {"uv": [4, 0, 5, 1], "texture": "#1"},
				"west": {"uv": [4, 0, 5, 1], "texture": "#1"},
				"up": {"uv": [4, 0, 5, 1], "texture": "#1"},
				"down": {"uv": [4, 0, 5, 1], "texture": "#1"}
			}
		},
		{
			"name": "frame5r",
			"from": [12.5, 19.4, 9.5],
			"to": [4.5, 7.4, 5.5],
			"rotation": {"angle": 0, "axis": "y", "origin": [0, -4.1, 0]},
			"faces": {
				"north": {"uv": [4, 1, 5, 2], "texture": "#1"},
				"east": {"uv": [4, 1, 5, 2], "texture": "#1"},
				"south": {"uv": [4, 1, 5, 2], "texture": "#1"},
				"west": {"uv": [4, 1, 5, 2], "texture": "#1"},
				"up": {"uv": [4, 1, 5, 2], "texture": "#1"},
				"down": {"uv": [4, 1, 5, 2], "texture": "#1"}
			}
		},
		{
			"name": "frame6b",
			"from": [11.4, 20.5, 10.6],
			"to": [3.4, 8.5, 6.6],
			"rotation": {"angle": 0, "axis": "y", "origin": [0, -4.1, 0]},
			"faces": {
				"north": {"uv": [5, 0, 6, 1], "texture": "#1"},
				"east": {"uv": [5, 0, 6, 1], "texture": "#1"},
				"south": {"uv": [5, 0, 6, 1], "texture": "#1"},
				"west": {"uv": [5, 0, 6, 1], "texture": "#1"},
				"up": {"uv": [5, 0, 6, 1], "texture": "#1"},
				"down": {"uv": [5, 0, 6, 1], "texture": "#1"}
			}
		},
		{
			"name": "frame6r",
			"from": [12.6, 19.3, 9.4],
			"to": [4.6, 7.3, 5.4],
			"rotation": {"angle": 0, "axis": "y", "origin": [0, -4.1, 0]},
			"faces": {
				"north": {"uv": [5, 1, 6, 2], "texture": "#1"},
				"east": {"uv": [5, 1, 6, 2], "texture": "#1"},
				"south": {"uv": [5, 1, 6, 2], "texture": "#1"},
				"west": {"uv": [5, 1, 6, 2], "texture": "#1"},
				"up": {"uv": [5, 1, 6, 2], "texture": "#1"},
				"down": {"uv": [5, 1, 6, 2], "texture": "#1"}
			}
		},
		{
			"name": "frame7b",
			"from": [11.4, 20.5, 10.6],
			"to": [3.4, 8.5, 6.6],
			"rotation": {"angle": 0, "axis": "y", "origin": [0, -4.1, 0]},
			"faces": {
				"north": {"uv": [6, 0, 7, 1], "texture": "#1"},
				"east": {"uv": [6, 0, 7, 1], "texture": "#1"},
				"south": {"uv": [6, 0, 7, 1], "texture": "#1"},
				"west": {"uv": [6, 0, 7, 1], "texture": "#1"},
				"up": {"uv": [6, 0, 7, 1], "texture": "#1"},
				"down": {"uv": [6, 0, 7, 1], "texture": "#1"}
			}
		},
		{
			"name": "frame7r",
			"from": [12.6, 19.3, 9.4],
			"to": [4.6, 7.3, 5.4],
			"rotation": {"angle": 0, "axis": "y", "origin": [0, -4.1, 0]},
			"faces": {
				"north": {"uv": [6, 1, 7, 2], "texture": "#1"},
				"east": {"uv": [6, 1, 7, 2], "texture": "#1"},
				"south": {"uv": [6, 1, 7, 2], "texture": "#1"},
				"west": {"uv": [6, 1, 7, 2], "texture": "#1"},
				"up": {"uv": [6, 1, 7, 2], "texture": "#1"},
				"down": {"uv": [6, 1, 7, 2], "texture": "#1"}
			}
		},
		{
			"name": "frame8b",
			"from": [11.3, 20.6, 10.7],
			"to": [3.3, 8.6, 6.7],
			"rotation": {"angle": 0, "axis": "y", "origin": [0, -4.1, 0]},
			"faces": {
				"north": {"uv": [7, 0, 8, 1], "texture": "#1"},
				"east": {"uv": [7, 0, 8, 1], "texture": "#1"},
				"south": {"uv": [7, 0, 8, 1], "texture": "#1"},
				"west": {"uv": [7, 0, 8, 1], "texture": "#1"},
				"up": {"uv": [7, 0, 8, 1], "texture": "#1"},
				"down": {"uv": [7, 0, 8, 1], "texture": "#1"}
			}
		},
		{
			"name": "frame8r",
			"from": [12.7, 19.2, 9.3],
			"to": [4.7, 7.2, 5.3],
			"rotation": {"angle": 0, "axis": "y", "origin": [0, -4.1, 0]},
			"faces": {
				"north": {"uv": [7, 1, 8, 2], "texture": "#1"},
				"east": {"uv": [7, 1, 8, 2], "texture": "#1"},
				"south": {"uv": [7, 1, 8, 2], "texture": "#1"},
				"west": {"uv": [7, 1, 8, 2], "texture": "#1"},
				"up": {"uv": [7, 1, 8, 2], "texture": "#1"},
				"down": {"uv": [7, 1, 8, 2], "texture": "#1"}
			}
		},
		{
			"name": "frame9b",
			"from": [11.2, 20.7, 10.8],
			"to": [3.2, 8.7, 6.8],
			"rotation": {"angle": 0, "axis": "y", "origin": [0, -4.1, 0]},
			"faces": {
				"north": {"uv": [8, 0, 9, 1], "texture": "#1"},
				"east": {"uv": [8, 0, 9, 1], "texture": "#1"},
				"south": {"uv": [8, 0, 9, 1], "texture": "#1"},
				"west": {"uv": [8, 0, 9, 1], "texture": "#1"},
				"up": {"uv": [8, 0, 9, 1], "texture": "#1"},
				"down": {"uv": [8, 0, 9, 1], "texture": "#1"}
			}
		},
		{
			"name": "frame9r",
			"from": [12.8, 19.1, 9.2],
			"to": [4.8, 7.1, 5.2],
			"rotation": {"angle": 0, "axis": "y", "origin": [0, -4.1, 0]},
			"faces": {
				"north": {"uv": [8, 1, 9, 2], "texture": "#1"},
				"east": {"uv": [8, 1, 9, 2], "texture": "#1"},
				"south": {"uv": [8, 1, 9, 2], "texture": "#1"},
				"west": {"uv": [8, 1, 9, 2], "texture": "#1"},
				"up": {"uv": [8, 1, 9, 2], "texture": "#1"},
				"down": {"uv": [8, 1, 9, 2], "texture": "#1"}
			}
		},
		{
			"name": "frame10b",
			"from": [11.1, 20.8, 10.9],
			"to": [3.1, 8.8, 6.9],
			"rotation": {"angle": 0, "axis": "y", "origin": [0, -4.1, 0]},
			"faces": {
				"north": {"uv": [9, 0, 10, 1], "texture": "#1"},
				"east": {"uv": [9, 0, 10, 1], "texture": "#1"},
				"south": {"uv": [9, 0, 10, 1], "texture": "#1"},
				"west": {"uv": [9, 0, 10, 1], "texture": "#1"},
				"up": {"uv": [9, 0, 10, 1], "texture": "#1"},
				"down": {"uv": [9, 0, 10, 1], "texture": "#1"}
			}
		},
		{
			"name": "frame10r",
			"from": [12.9, 19, 9.1],
			"to": [4.9, 7, 5.1],
			"rotation": {"angle": 0, "axis": "y", "origin": [0, -4.1, 0]},
			"faces": {
				"north": {"uv": [9, 1, 10, 2], "texture": "#1"},
				"east": {"uv": [9, 1, 10, 2], "texture": "#1"},
				"south": {"uv": [9, 1, 10, 2], "texture": "#1"},
				"west": {"uv": [9, 1, 10, 2], "texture": "#1"},
				"up": {"uv": [9, 1, 10, 2], "texture": "#1"},
				"down": {"uv": [9, 1, 10, 2], "texture": "#1"}
			}
		},
		{
			"name": "frame11b",
			"from": [11, 20.3, 10.4],
			"to": [3, 8.3, 6.4],
			"rotation": {"angle": 0, "axis": "y", "origin": [0, -4.1, 0]},
			"faces": {
				"north": {"uv": [10, 0, 11, 1], "texture": "#1"},
				"east": {"uv": [10, 0, 11, 1], "texture": "#1"},
				"south": {"uv": [10, 0, 11, 1], "texture": "#1"},
				"west": {"uv": [10, 0, 11, 1], "texture": "#1"},
				"up": {"uv": [10, 0, 11, 1], "texture": "#1"},
				"down": {"uv": [10, 0, 11, 1], "texture": "#1"}
			}
		},
		{
			"name": "frame11r",
			"from": [13, 19.5, 9.6],
			"to": [5, 7.5, 5.6],
			"rotation": {"angle": 0, "axis": "y", "origin": [0, -4.1, 0]},
			"faces": {
				"north": {"uv": [10, 1, 11, 2], "texture": "#1"},
				"east": {"uv": [10, 1, 11, 2], "texture": "#1"},
				"south": {"uv": [10, 1, 11, 2], "texture": "#1"},
				"west": {"uv": [10, 1, 11, 2], "texture": "#1"},
				"up": {"uv": [10, 1, 11, 2], "texture": "#1"},
				"down": {"uv": [10, 1, 11, 2], "texture": "#1"}
			}
		},
		{
			"name": "frame12b",
			"from": [11.1, 20.4, 10.5],
			"to": [3.1, 8.4, 6.5],
			"rotation": {"angle": 0, "axis": "y", "origin": [0, -4.1, 0]},
			"faces": {
				"north": {"uv": [11, 0, 12, 1], "texture": "#1"},
				"east": {"uv": [11, 0, 12, 1], "texture": "#1"},
				"south": {"uv": [11, 0, 12, 1], "texture": "#1"},
				"west": {"uv": [11, 0, 12, 1], "texture": "#1"},
				"up": {"uv": [11, 0, 12, 1], "texture": "#1"},
				"down": {"uv": [11, 0, 12, 1], "texture": "#1"}
			}
		},
		{
			"name": "frame12r",
			"from": [12.9, 19.4, 9.5],
			"to": [4.9, 7.4, 5.5],
			"rotation": {"angle": 0, "axis": "y", "origin": [0, -4.1, 0]},
			"faces": {
				"north": {"uv": [11, 1, 12, 2], "texture": "#1"},
				"east": {"uv": [11, 1, 12, 2], "texture": "#1"},
				"south": {"uv": [11, 1, 12, 2], "texture": "#1"},
				"west": {"uv": [11, 1, 12, 2], "texture": "#1"},
				"up": {"uv": [11, 1, 12, 2], "texture": "#1"},
				"down": {"uv": [11, 1, 12, 2], "texture": "#1"}
			}
		},
		{
			"name": "frame13b",
			"from": [11.1, 20.3, 10.5],
			"to": [3.1, 8.3, 6.5],
			"rotation": {"angle": 0, "axis": "y", "origin": [0, -4.1, 0]},
			"faces": {
				"north": {"uv": [12, 0, 13, 1], "texture": "#1"},
				"east": {"uv": [12, 0, 13, 1], "texture": "#1"},
				"south": {"uv": [12, 0, 13, 1], "texture": "#1"},
				"west": {"uv": [12, 0, 13, 1], "texture": "#1"},
				"up": {"uv": [12, 0, 13, 1], "texture": "#1"},
				"down": {"uv": [12, 0, 13, 1], "texture": "#1"}
			}
		},
		{
			"name": "frame13r",
			"from": [12.9, 19.5, 9.5],
			"to": [4.9, 7.5, 5.5],
			"rotation": {"angle": 0, "axis": "y", "origin": [0, -4.1, 0]},
			"faces": {
				"north": {"uv": [12, 1, 13, 2], "texture": "#1"},
				"east": {"uv": [12, 1, 13, 2], "texture": "#1"},
				"south": {"uv": [12, 1, 13, 2], "texture": "#1"},
				"west": {"uv": [12, 1, 13, 2], "texture": "#1"},
				"up": {"uv": [12, 1, 13, 2], "texture": "#1"},
				"down": {"uv": [12, 1, 13, 2], "texture": "#1"}
			}
		},
		{
			"name": "frame14b",
			"from": [11, 19.3, 10.5],
			"to": [3, 7.3, 6.5],
			"rotation": {"angle": 0, "axis": "y", "origin": [0, -4.1, 0]},
			"faces": {
				"north": {"uv": [13, 0, 14, 1], "texture": "#1"},
				"east": {"uv": [13, 0, 14, 1], "texture": "#1"},
				"south": {"uv": [13, 0, 14, 1], "texture": "#1"},
				"west": {"uv": [13, 0, 14, 1], "texture": "#1"},
				"up": {"uv": [13, 0, 14, 1], "texture": "#1"},
				"down": {"uv": [13, 0, 14, 1], "texture": "#1"}
			}
		},
		{
			"name": "frame14r",
			"from": [13, 20.5, 9.5],
			"to": [5, 8.5, 5.5],
			"rotation": {"angle": 0, "axis": "y", "origin": [0, -4.1, 0]},
			"faces": {
				"north": {"uv": [13, 1, 14, 2], "texture": "#1"},
				"east": {"uv": [13, 1, 14, 2], "texture": "#1"},
				"south": {"uv": [13, 1, 14, 2], "texture": "#1"},
				"west": {"uv": [13, 1, 14, 2], "texture": "#1"},
				"up": {"uv": [13, 1, 14, 2], "texture": "#1"},
				"down": {"uv": [13, 1, 14, 2], "texture": "#1"}
			}
		},
		{
			"name": "frame15b",
			"from": [11.5, 19.8, 10.7],
			"to": [3.5, 7.8, 6.7],
			"rotation": {"angle": 0, "axis": "y", "origin": [0, -4.1, 0]},
			"faces": {
				"north": {"uv": [14, 0, 15, 1], "texture": "#1"},
				"east": {"uv": [14, 0, 15, 1], "texture": "#1"},
				"south": {"uv": [14, 0, 15, 1], "texture": "#1"},
				"west": {"uv": [14, 0, 15, 1], "texture": "#1"},
				"up": {"uv": [14, 0, 15, 1], "texture": "#1"},
				"down": {"uv": [14, 0, 15, 1], "texture": "#1"}
			}
		},
		{
			"name": "frame15r",
			"from": [12.5, 20, 9.3],
			"to": [4.5, 8, 5.3],
			"rotation": {"angle": 0, "axis": "y", "origin": [0, -4.1, 0]},
			"faces": {
				"north": {"uv": [14, 1, 15, 2], "texture": "#1"},
				"east": {"uv": [14, 1, 15, 2], "texture": "#1"},
				"south": {"uv": [14, 1, 15, 2], "texture": "#1"},
				"west": {"uv": [14, 1, 15, 2], "texture": "#1"},
				"up": {"uv": [14, 1, 15, 2], "texture": "#1"},
				"down": {"uv": [14, 1, 15, 2], "texture": "#1"}
			}
		},
		{
			"name": "frame16b",
			"from": [11.5, 19.7, 10.7],
			"to": [3.5, 7.7, 6.7],
			"rotation": {"angle": 0, "axis": "y", "origin": [0, -4.1, 0]},
			"faces": {
				"north": {"uv": [15, 0, 16, 1], "texture": "#1"},
				"east": {"uv": [15, 0, 16, 1], "texture": "#1"},
				"south": {"uv": [15, 0, 16, 1], "texture": "#1"},
				"west": {"uv": [15, 0, 16, 1], "texture": "#1"},
				"up": {"uv": [15, 0, 16, 1], "texture": "#1"},
				"down": {"uv": [15, 0, 16, 1], "texture": "#1"}
			}
		},
		{
			"name": "frame16r",
			"from": [12.5, 20.1, 9.3],
			"to": [4.5, 8.1, 5.3],
			"rotation": {"angle": 0, "axis": "y", "origin": [0, -4.1, 0]},
			"faces": {
				"north": {"uv": [15, 1, 16, 2], "texture": "#1"},
				"east": {"uv": [15, 1, 16, 2], "texture": "#1"},
				"south": {"uv": [15, 1, 16, 2], "texture": "#1"},
				"west": {"uv": [15, 1, 16, 2], "texture": "#1"},
				"up": {"uv": [15, 1, 16, 2], "texture": "#1"},
				"down": {"uv": [15, 1, 16, 2], "texture": "#1"}
			}
		},
		{
			"name": "frame17b",
			"from": [11.4, 19.6, 10.7],
			"to": [3.4, 7.6, 6.7],
			"rotation": {"angle": 0, "axis": "y", "origin": [0, -4.1, 0]},
			"faces": {
				"north": {"uv": [0, 2, 1, 3], "texture": "#1"},
				"east": {"uv": [0, 2, 1, 3], "texture": "#1"},
				"south": {"uv": [0, 2, 1, 3], "texture": "#1"},
				"west": {"uv": [0, 2, 1, 3], "texture": "#1"},
				"up": {"uv": [0, 2, 1, 3], "texture": "#1"},
				"down": {"uv": [0, 2, 1, 3], "texture": "#1"}
			}
		},
		{
			"name": "frame17r",
			"from": [12.6, 20.2, 9.3],
			"to": [4.6, 8.2, 5.3],
			"rotation": {"angle": 0, "axis": "y", "origin": [0, -4.1, 0]},
			"faces": {
				"north": {"uv": [0, 3, 1, 4], "texture": "#1"},
				"east": {"uv": [0, 3, 1, 4], "texture": "#1"},
				"south": {"uv": [0, 3, 1, 4], "texture": "#1"},
				"west": {"uv": [0, 3, 1, 4], "texture": "#1"},
				"up": {"uv": [0, 3, 1, 4], "texture": "#1"},
				"down": {"uv": [0, 3, 1, 4], "texture": "#1"}
			}
		},
		{
			"name": "frame18b",
			"from": [11.6, 19.6, 10.7],
			"to": [3.6, 7.6, 6.7],
			"rotation": {"angle": 0, "axis": "y", "origin": [0, -4.1, 0]},
			"faces": {
				"north": {"uv": [1, 2, 2, 3], "texture": "#1"},
				"east": {"uv": [1, 2, 2, 3], "texture": "#1"},
				"south": {"uv": [1, 2, 2, 3], "texture": "#1"},
				"west": {"uv": [1, 2, 2, 3], "texture": "#1"},
				"up": {"uv": [1, 2, 2, 3], "texture": "#1"},
				"down": {"uv": [1, 2, 2, 3], "texture": "#1"}
			}
		},
		{
			"name": "frame18r",
			"from": [12.4, 20.2, 9.3],
			"to": [4.4, 8.2, 5.3],
			"rotation": {"angle": 0, "axis": "y", "origin": [0, -4.1, 0]},
			"faces": {
				"north": {"uv": [1, 3, 2, 4], "texture": "#1"},
				"east": {"uv": [1, 3, 2, 4], "texture": "#1"},
				"south": {"uv": [1, 3, 2, 4], "texture": "#1"},
				"west": {"uv": [1, 3, 2, 4], "texture": "#1"},
				"up": {"uv": [1, 3, 2, 4], "texture": "#1"},
				"down": {"uv": [1, 3, 2, 4], "texture": "#1"}
			}
		},
		{
			"name": "frame19b",
			"from": [11.4, 19.6, 10.7],
			"to": [3.4, 7.6, 6.7],
			"rotation": {"angle": 0, "axis": "y", "origin": [0, -4.1, 0]},
			"faces": {
				"north": {"uv": [2, 2, 3, 3], "texture": "#1"},
				"east": {"uv": [2, 2, 3, 3], "texture": "#1"},
				"south": {"uv": [2, 2, 3, 3], "texture": "#1"},
				"west": {"uv": [2, 2, 3, 3], "texture": "#1"},
				"up": {"uv": [2, 2, 3, 3], "texture": "#1"},
				"down": {"uv": [2, 2, 3, 3], "texture": "#1"}
			}
		},
		{
			"name": "frame19r",
			"from": [12.6, 20.2, 9.3],
			"to": [4.6, 8.2, 5.3],
			"rotation": {"angle": 0, "axis": "y", "origin": [0, -4.1, 0]},
			"faces": {
				"north": {"uv": [2, 3, 3, 4], "texture": "#1"},
				"east": {"uv": [2, 3, 3, 4], "texture": "#1"},
				"south": {"uv": [2, 3, 3, 4], "texture": "#1"},
				"west": {"uv": [2, 3, 3, 4], "texture": "#1"},
				"up": {"uv": [2, 3, 3, 4], "texture": "#1"},
				"down": {"uv": [2, 3, 3, 4], "texture": "#1"}
			}
		},
		{
			"name": "frame20b",
			"from": [11.5, 19.7, 10.7],
			"to": [3.5, 7.7, 6.7],
			"rotation": {"angle": 0, "axis": "y", "origin": [0, -4.1, 0]},
			"faces": {
				"north": {"uv": [3, 2, 4, 3], "texture": "#1"},
				"east": {"uv": [3, 2, 4, 3], "texture": "#1"},
				"south": {"uv": [3, 2, 4, 3], "texture": "#1"},
				"west": {"uv": [3, 2, 4, 3], "texture": "#1"},
				"up": {"uv": [3, 2, 4, 3], "texture": "#1"},
				"down": {"uv": [3, 2, 4, 3], "texture": "#1"}
			}
		},
		{
			"name": "frame20r",
			"from": [12.5, 20.1, 9.3],
			"to": [4.5, 8.1, 5.3],
			"rotation": {"angle": 0, "axis": "y", "origin": [0, -4.1, 0]},
			"faces": {
				"north": {"uv": [3, 3, 4, 4], "texture": "#1"},
				"east": {"uv": [3, 3, 4, 4], "texture": "#1"},
				"south": {"uv": [3, 3, 4, 4], "texture": "#1"},
				"west": {"uv": [3, 3, 4, 4], "texture": "#1"},
				"up": {"uv": [3, 3, 4, 4], "texture": "#1"},
				"down": {"uv": [3, 3, 4, 4], "texture": "#1"}
			}
		},
		{
			"name": "frame21b",
			"from": [11, 20.7, 10.7],
			"to": [3, 8.7, 6.7],
			"rotation": {"angle": 0, "axis": "y", "origin": [0, -4.1, 0]},
			"faces": {
				"north": {"uv": [4, 2, 5, 3], "texture": "#1"},
				"east": {"uv": [4, 2, 5, 3], "texture": "#1"},
				"south": {"uv": [4, 2, 5, 3], "texture": "#1"},
				"west": {"uv": [4, 2, 5, 3], "texture": "#1"},
				"up": {"uv": [4, 2, 5, 3], "texture": "#1"},
				"down": {"uv": [4, 2, 5, 3], "texture": "#1"}
			}
		},
		{
			"name": "frame21r",
			"from": [13, 19.1, 9.3],
			"to": [5, 7.1, 5.3],
			"rotation": {"angle": 0, "axis": "y", "origin": [0, -4.1, 0]},
			"faces": {
				"north": {"uv": [4, 3, 5, 4], "texture": "#1"},
				"east": {"uv": [4, 3, 5, 4], "texture": "#1"},
				"south": {"uv": [4, 3, 5, 4], "texture": "#1"},
				"west": {"uv": [4, 3, 5, 4], "texture": "#1"},
				"up": {"uv": [4, 3, 5, 4], "texture": "#1"},
				"down": {"uv": [4, 3, 5, 4], "texture": "#1"}
			}
		},
		{
			"name": "frame22b",
			"from": [11.1, 20.5, 10.4],
			"to": [3.1, 8.5, 6.4],
			"rotation": {"angle": 0, "axis": "y", "origin": [0, -4.1, 0]},
			"faces": {
				"north": {"uv": [5, 2, 6, 3], "texture": "#1"},
				"east": {"uv": [5, 2, 6, 3], "texture": "#1"},
				"south": {"uv": [5, 2, 6, 3], "texture": "#1"},
				"west": {"uv": [5, 2, 6, 3], "texture": "#1"},
				"up": {"uv": [5, 2, 6, 3], "texture": "#1"},
				"down": {"uv": [5, 2, 6, 3], "texture": "#1"}
			}
		},
		{
			"name": "frame22r",
			"from": [12.9, 19.3, 9.6],
			"to": [4.9, 7.3, 5.6],
			"rotation": {"angle": 0, "axis": "y", "origin": [0, -4.1, 0]},
			"faces": {
				"north": {"uv": [5, 3, 6, 4], "texture": "#1"},
				"east": {"uv": [5, 3, 6, 4], "texture": "#1"},
				"south": {"uv": [5, 3, 6, 4], "texture": "#1"},
				"west": {"uv": [5, 3, 6, 4], "texture": "#1"},
				"up": {"uv": [5, 3, 6, 4], "texture": "#1"},
				"down": {"uv": [5, 3, 6, 4], "texture": "#1"}
			}
		},
		{
			"name": "frame23b",
			"from": [11, 20.3, 10.4],
			"to": [3, 8.3, 6.4],
			"rotation": {"angle": 0, "axis": "y", "origin": [0, -4.1, 0]},
			"faces": {
				"north": {"uv": [6, 2, 7, 3], "texture": "#1"},
				"east": {"uv": [6, 2, 7, 3], "texture": "#1"},
				"south": {"uv": [6, 2, 7, 3], "texture": "#1"},
				"west": {"uv": [6, 2, 7, 3], "texture": "#1"},
				"up": {"uv": [6, 2, 7, 3], "texture": "#1"},
				"down": {"uv": [6, 2, 7, 3], "texture": "#1"}
			}
		},
		{
			"name": "frame23r",
			"from": [13, 19.5, 9.6],
			"to": [5, 7.5, 5.6],
			"rotation": {"angle": 0, "axis": "y", "origin": [0, -4.1, 0]},
			"faces": {
				"north": {"uv": [6, 3, 7, 4], "texture": "#1"},
				"east": {"uv": [6, 3, 7, 4], "texture": "#1"},
				"south": {"uv": [6, 3, 7, 4], "texture": "#1"},
				"west": {"uv": [6, 3, 7, 4], "texture": "#1"},
				"up": {"uv": [6, 3, 7, 4], "texture": "#1"},
				"down": {"uv": [6, 3, 7, 4], "texture": "#1"}
			}
		},
		{
			"name": "frame24b",
			"from": [11, 19.3, 10.4],
			"to": [3, 7.3, 6.4],
			"rotation": {"angle": 0, "axis": "y", "origin": [0, -4.1, 0]},
			"faces": {
				"north": {"uv": [7, 2, 8, 3], "texture": "#1"},
				"east": {"uv": [7, 2, 8, 3], "texture": "#1"},
				"south": {"uv": [7, 2, 8, 3], "texture": "#1"},
				"west": {"uv": [7, 2, 8, 3], "texture": "#1"},
				"up": {"uv": [7, 2, 8, 3], "texture": "#1"},
				"down": {"uv": [7, 2, 8, 3], "texture": "#1"}
			}
		},
		{
			"name": "frame24r",
			"from": [13, 20.5, 9.6],
			"to": [5, 8.5, 5.6],
			"rotation": {"angle": 0, "axis": "y", "origin": [0, -4.1, 0]},
			"faces": {
				"north": {"uv": [7, 3, 8, 4], "texture": "#1"},
				"east": {"uv": [7, 3, 8, 4], "texture": "#1"},
				"south": {"uv": [7, 3, 8, 4], "texture": "#1"},
				"west": {"uv": [7, 3, 8, 4], "texture": "#1"},
				"up": {"uv": [7, 3, 8, 4], "texture": "#1"},
				"down": {"uv": [7, 3, 8, 4], "texture": "#1"}
			}
		},
		{
			"name": "frame25b",
			"from": [11.1, 19.4, 10.5],
			"to": [3.1, 7.4, 6.5],
			"rotation": {"angle": 0, "axis": "y", "origin": [0, -4.1, 0]},
			"faces": {
				"north": {"uv": [8, 2, 9, 3], "texture": "#1"},
				"east": {"uv": [8, 2, 9, 3], "texture": "#1"},
				"south": {"uv": [8, 2, 9, 3], "texture": "#1"},
				"west": {"uv": [8, 2, 9, 3], "texture": "#1"},
				"up": {"uv": [8, 2, 9, 3], "texture": "#1"},
				"down": {"uv": [8, 2, 9, 3], "texture": "#1"}
			}
		},
		{
			"name": "frame25r",
			"from": [12.9, 20.4, 9.5],
			"to": [4.9, 8.4, 5.5],
			"rotation": {"angle": 0, "axis": "y", "origin": [0, -4.1, 0]},
			"faces": {
				"north": {"uv": [8, 3, 9, 4], "texture": "#1"},
				"east": {"uv": [8, 3, 9, 4], "texture": "#1"},
				"south": {"uv": [8, 3, 9, 4], "texture": "#1"},
				"west": {"uv": [8, 3, 9, 4], "texture": "#1"},
				"up": {"uv": [8, 3, 9, 4], "texture": "#1"},
				"down": {"uv": [8, 3, 9, 4], "texture": "#1"}
			}
		},
		{
			"name": "frame26b",
			"from": [11.2, 19.5, 10.4],
			"to": [3.2, 7.5, 6.4],
			"rotation": {"angle": 0, "axis": "y", "origin": [0, -4.1, 0]},
			"faces": {
				"north": {"uv": [9, 2, 10, 3], "texture": "#1"},
				"east": {"uv": [9, 2, 10, 3], "texture": "#1"},
				"south": {"uv": [9, 2, 10, 3], "texture": "#1"},
				"west": {"uv": [9, 2, 10, 3], "texture": "#1"},
				"up": {"uv": [9, 2, 10, 3], "texture": "#1"},
				"down": {"uv": [9, 2, 10, 3], "texture": "#1"}
			}
		},
		{
			"name": "frame26r",
			"from": [12.8, 20.3, 9.6],
			"to": [4.8, 8.3, 5.6],
			"rotation": {"angle": 0, "axis": "y", "origin": [0, -4.1, 0]},
			"faces": {
				"north": {"uv": [9, 3, 10, 4], "texture": "#1"},
				"east": {"uv": [9, 3, 10, 4], "texture": "#1"},
				"south": {"uv": [9, 3, 10, 4], "texture": "#1"},
				"west": {"uv": [9, 3, 10, 4], "texture": "#1"},
				"up": {"uv": [9, 3, 10, 4], "texture": "#1"},
				"down": {"uv": [9, 3, 10, 4], "texture": "#1"}
			}
		},
		{
			"name": "frame27b",
			"from": [11.3, 19.6, 10.3],
			"to": [3.3, 7.6, 6.3],
			"rotation": {"angle": 0, "axis": "y", "origin": [0, -4.1, 0]},
			"faces": {
				"north": {"uv": [10, 2, 11, 3], "texture": "#1"},
				"east": {"uv": [10, 2, 11, 3], "texture": "#1"},
				"south": {"uv": [10, 2, 11, 3], "texture": "#1"},
				"west": {"uv": [10, 2, 11, 3], "texture": "#1"},
				"up": {"uv": [10, 2, 11, 3], "texture": "#1"},
				"down": {"uv": [10, 2, 11, 3], "texture": "#1"}
			}
		},
		{
			"name": "frame27r",
			"from": [12.7, 20.2, 9.7],
			"to": [4.7, 8.2, 5.7],
			"rotation": {"angle": 0, "axis": "y", "origin": [0, -4.1, 0]},
			"faces": {
				"north": {"uv": [10, 3, 11, 4], "texture": "#1"},
				"east": {"uv": [10, 3, 11, 4], "texture": "#1"},
				"south": {"uv": [10, 3, 11, 4], "texture": "#1"},
				"west": {"uv": [10, 3, 11, 4], "texture": "#1"},
				"up": {"uv": [10, 3, 11, 4], "texture": "#1"},
				"down": {"uv": [10, 3, 11, 4], "texture": "#1"}
			}
		},
		{
			"name": "frame28b",
			"from": [11.4, 19.7, 10.2],
			"to": [3.4, 7.7, 6.2],
			"rotation": {"angle": 0, "axis": "y", "origin": [0, -4.1, 0]},
			"faces": {
				"north": {"uv": [11, 2, 12, 3], "texture": "#1"},
				"east": {"uv": [11, 2, 12, 3], "texture": "#1"},
				"south": {"uv": [11, 2, 12, 3], "texture": "#1"},
				"west": {"uv": [11, 2, 12, 3], "texture": "#1"},
				"up": {"uv": [11, 2, 12, 3], "texture": "#1"},
				"down": {"uv": [11, 2, 12, 3], "texture": "#1"}
			}
		},
		{
			"name": "frame28r",
			"from": [12.6, 20.1, 9.8],
			"to": [4.6, 8.1, 5.8],
			"rotation": {"angle": 0, "axis": "y", "origin": [0, -4.1, 0]},
			"faces": {
				"north": {"uv": [11, 3, 12, 4], "texture": "#1"},
				"east": {"uv": [11, 3, 12, 4], "texture": "#1"},
				"south": {"uv": [11, 3, 12, 4], "texture": "#1"},
				"west": {"uv": [11, 3, 12, 4], "texture": "#1"},
				"up": {"uv": [11, 3, 12, 4], "texture": "#1"},
				"down": {"uv": [11, 3, 12, 4], "texture": "#1"}
			}
		},
		{
			"name": "frame29b",
			"from": [11.2, 20.1, 10.4],
			"to": [3.2, 8.1, 6.4],
			"rotation": {"angle": 0, "axis": "y", "origin": [0, -4.1, 0]},
			"faces": {
				"north": {"uv": [12, 2, 13, 3], "texture": "#1"},
				"east": {"uv": [12, 2, 13, 3], "texture": "#1"},
				"south": {"uv": [12, 2, 13, 3], "texture": "#1"},
				"west": {"uv": [12, 2, 13, 3], "texture": "#1"},
				"up": {"uv": [12, 2, 13, 3], "texture": "#1"},
				"down": {"uv": [12, 2, 13, 3], "texture": "#1"}
			}
		},
		{
			"name": "frame29r",
			"from": [12.8, 19.7, 9.6],
			"to": [4.8, 7.7, 5.6],
			"rotation": {"angle": 0, "axis": "y", "origin": [0, -4.1, 0]},
			"faces": {
				"north": {"uv": [12, 3, 13, 4], "texture": "#1"},
				"east": {"uv": [12, 3, 13, 4], "texture": "#1"},
				"south": {"uv": [12, 3, 13, 4], "texture": "#1"},
				"west": {"uv": [12, 3, 13, 4], "texture": "#1"},
				"up": {"uv": [12, 3, 13, 4], "texture": "#1"},
				"down": {"uv": [12, 3, 13, 4], "texture": "#1"}
			}
		},
		{
			"name": "frame30b",
			"from": [11.2, 19.1, 10.4],
			"to": [3.2, 7.1, 6.4],
			"rotation": {"angle": 0, "axis": "y", "origin": [0, -4.1, 0]},
			"faces": {
				"north": {"uv": [13, 2, 14, 3], "texture": "#1"},
				"east": {"uv": [13, 2, 14, 3], "texture": "#1"},
				"south": {"uv": [13, 2, 14, 3], "texture": "#1"},
				"west": {"uv": [13, 2, 14, 3], "texture": "#1"},
				"up": {"uv": [13, 2, 14, 3], "texture": "#1"},
				"down": {"uv": [13, 2, 14, 3], "texture": "#1"}
			}
		},
		{
			"name": "frame30r",
			"from": [12.8, 20.7, 9.6],
			"to": [4.8, 8.7, 5.6],
			"rotation": {"angle": 0, "axis": "y", "origin": [0, -4.1, 0]},
			"faces": {
				"north": {"uv": [13, 3, 14, 4], "texture": "#1"},
				"east": {"uv": [13, 3, 14, 4], "texture": "#1"},
				"south": {"uv": [13, 3, 14, 4], "texture": "#1"},
				"west": {"uv": [13, 3, 14, 4], "texture": "#1"},
				"up": {"uv": [13, 3, 14, 4], "texture": "#1"},
				"down": {"uv": [13, 3, 14, 4], "texture": "#1"}
			}
		},
		{
			"name": "frame31b",
			"from": [11.5, 19.3, 10.4],
			"to": [3.5, 7.3, 6.4],
			"rotation": {"angle": 0, "axis": "y", "origin": [0, -4.1, 0]},
			"faces": {
				"north": {"uv": [14, 2, 15, 3], "texture": "#1"},
				"east": {"uv": [14, 2, 15, 3], "texture": "#1"},
				"south": {"uv": [14, 2, 15, 3], "texture": "#1"},
				"west": {"uv": [14, 2, 15, 3], "texture": "#1"},
				"up": {"uv": [14, 2, 15, 3], "texture": "#1"},
				"down": {"uv": [14, 2, 15, 3], "texture": "#1"}
			}
		},
		{
			"name": "frame31r",
			"from": [12.5, 20.5, 9.6],
			"to": [4.5, 8.5, 5.6],
			"rotation": {"angle": 0, "axis": "y", "origin": [0, -4.1, 0]},
			"faces": {
				"north": {"uv": [14, 3, 15, 4], "texture": "#1"},
				"east": {"uv": [14, 3, 15, 4], "texture": "#1"},
				"south": {"uv": [14, 3, 15, 4], "texture": "#1"},
				"west": {"uv": [14, 3, 15, 4], "texture": "#1"},
				"up": {"uv": [14, 3, 15, 4], "texture": "#1"},
				"down": {"uv": [14, 3, 15, 4], "texture": "#1"}
			}
		},
		{
			"name": "frame32b",
			"from": [11, 19.1, 10.7],
			"to": [3, 7.1, 6.7],
			"rotation": {"angle": 0, "axis": "y", "origin": [0, -4.1, 0]},
			"faces": {
				"north": {"uv": [15, 2, 16, 3], "texture": "#1"},
				"east": {"uv": [15, 2, 16, 3], "texture": "#1"},
				"south": {"uv": [15, 2, 16, 3], "texture": "#1"},
				"west": {"uv": [15, 2, 16, 3], "texture": "#1"},
				"up": {"uv": [15, 2, 16, 3], "texture": "#1"},
				"down": {"uv": [15, 2, 16, 3], "texture": "#1"}
			}
		},
		{
			"name": "frame32r",
			"from": [13, 20.7, 9.3],
			"to": [5, 8.7, 5.3],
			"rotation": {"angle": 0, "axis": "y", "origin": [0, -4.1, 0]},
			"faces": {
				"north": {"uv": [15, 3, 16, 4], "texture": "#1"},
				"east": {"uv": [15, 3, 16, 4], "texture": "#1"},
				"south": {"uv": [15, 3, 16, 4], "texture": "#1"},
				"west": {"uv": [15, 3, 16, 4], "texture": "#1"},
				"up": {"uv": [15, 3, 16, 4], "texture": "#1"},
				"down": {"uv": [15, 3, 16, 4], "texture": "#1"}
			}
		}
	],
	"groups": [
		{
			"name": "body",
			"origin": [8, 10, 8],
			"color": 0,
			"children": [
				0,
				{
					"name": "jacket",
					"origin": [8, 10, 8],
					"color": 0,
					"children": [1, 2]
				}
			]
		},
		{
			"name": "animation",
			"origin": [8, 8, 8],
			"color": 0,
			"children": [
				3,
				4,
				5,
				6,
				7,
				8,
				9,
				10,
				11,
				12,
				13,
				14,
				15,
				16,
				17,
				18,
				19,
				20,
				21,
				22,
				23,
				24,
				25,
				26,
				27,
				28,
				29,
				30,
				31,
				32,
				33,
				34,
				35,
				36,
				37,
				38,
				39,
				40,
				41,
				42,
				43,
				44,
				45,
				46,
				47,
				48,
				49,
				50,
				51,
				52,
				53,
				54,
				55,
				56,
				57,
				58,
				59,
				60,
				61,
				62,
				63,
				64,
				65,
				66
			]
		}
	]
}