{
	"credit": "Made by Bret06 using Blockbench",
	"textures": {
		"1": "lunareclipse.watching:item/skins/glitch/glitch",
		"particle": "lunareclipse.watching:item/skins/glitch/glitch",
		"skin": "lunareclipse.watching:item/skins/glitch/watching_anim"
	},
	"elements": [
		{
			"name": "frame1b",
			"from": [11.7, 16, 12.1],
			"to": [3.7, 8, 4.1],
			"rotation": {"angle": 0, "axis": "y", "origin": [0, -15.1, 0]},
			"faces": {
				"north": {"uv": [0, 0, 1, 1], "texture": "#1"},
				"east": {"uv": [0, 0, 1, 1], "texture": "#1"},
				"south": {"uv": [0, 0, 1, 1], "texture": "#1"},
				"west": {"uv": [0, 0, 1, 1], "texture": "#1"},
				"up": {"uv": [0, 0, 1, 1], "texture": "#1"},
				"down": {"uv": [0, 0, 1, 1], "texture": "#1"}
			}
		},
		{
			"name": "frame1r",
			"from": [12.3, 15.8, 11.9],
			"to": [4.3, 7.8, 3.9],
			"rotation": {"angle": 0, "axis": "y", "origin": [0, -15.1, 0]},
			"faces": {
				"north": {"uv": [0, 1, 1, 2], "texture": "#1"},
				"east": {"uv": [0, 1, 1, 2], "texture": "#1"},
				"south": {"uv": [0, 1, 1, 2], "texture": "#1"},
				"west": {"uv": [0, 1, 1, 2], "texture": "#1"},
				"up": {"uv": [0, 1, 1, 2], "texture": "#1"},
				"down": {"uv": [0, 1, 1, 2], "texture": "#1"}
			}
		},
		{
			"name": "frame2b",
			"from": [11.8, 16.1, 12.2],
			"to": [3.8, 8.1, 4.2],
			"rotation": {"angle": 0, "axis": "y", "origin": [0, -15.1, 0]},
			"faces": {
				"north": {"uv": [1, 0, 2, 1], "texture": "#1"},
				"east": {"uv": [1, 0, 2, 1], "texture": "#1"},
				"south": {"uv": [1, 0, 2, 1], "texture": "#1"},
				"west": {"uv": [1, 0, 2, 1], "texture": "#1"},
				"up": {"uv": [1, 0, 2, 1], "texture": "#1"},
				"down": {"uv": [1, 0, 2, 1], "texture": "#1"}
			}
		},
		{
			"name": "frame2r",
			"from": [12.2, 15.7, 11.8],
			"to": [4.2, 7.7, 3.8],
			"rotation": {"angle": 0, "axis": "y", "origin": [0, -15.1, 0]},
			"faces": {
				"north": {"uv": [1, 1, 2, 2], "texture": "#1"},
				"east": {"uv": [1, 1, 2, 2], "texture": "#1"},
				"south": {"uv": [1, 1, 2, 2], "texture": "#1"},
				"west": {"uv": [1, 1, 2, 2], "texture": "#1"},
				"up": {"uv": [1, 1, 2, 2], "texture": "#1"},
				"down": {"uv": [1, 1, 2, 2], "texture": "#1"}
			}
		},
		{
			"name": "frame3b",
			"from": [11.7, 16.2, 12.3],
			"to": [3.7, 8.2, 4.3],
			"rotation": {"angle": 22.5, "axis": "y", "origin": [8, 11.9, 8]},
			"faces": {
				"north": {"uv": [2, 0, 3, 1], "texture": "#1"},
				"east": {"uv": [2, 0, 3, 1], "texture": "#1"},
				"south": {"uv": [2, 0, 3, 1], "texture": "#1"},
				"west": {"uv": [2, 0, 3, 1], "texture": "#1"},
				"up": {"uv": [2, 0, 3, 1], "texture": "#1"},
				"down": {"uv": [2, 0, 3, 1], "texture": "#1"}
			}
		},
		{
			"name": "frame3r",
			"from": [12.3, 15.6, 11.7],
			"to": [4.3, 7.6, 3.7],
			"rotation": {"angle": 22.5, "axis": "y", "origin": [8, 11.9, 8]},
			"faces": {
				"north": {"uv": [2, 1, 3, 2], "texture": "#1"},
				"east": {"uv": [2, 1, 3, 2], "texture": "#1"},
				"south": {"uv": [2, 1, 3, 2], "texture": "#1"},
				"west": {"uv": [2, 1, 3, 2], "texture": "#1"},
				"up": {"uv": [2, 1, 3, 2], "texture": "#1"},
				"down": {"uv": [2, 1, 3, 2], "texture": "#1"}
			}
		},
		{
			"name": "frame4b",
			"from": [11.6, 16.1, 12.4],
			"to": [3.6, 8.1, 4.4],
			"rotation": {"angle": 22.5, "axis": "y", "origin": [8, 11.9, 8]},
			"faces": {
				"north": {"uv": [3, 0, 4, 1], "texture": "#1"},
				"east": {"uv": [3, 0, 4, 1], "texture": "#1"},
				"south": {"uv": [3, 0, 4, 1], "texture": "#1"},
				"west": {"uv": [3, 0, 4, 1], "texture": "#1"},
				"up": {"uv": [3, 0, 4, 1], "texture": "#1"},
				"down": {"uv": [3, 0, 4, 1], "texture": "#1"}
			}
		},
		{
			"name": "frame4r",
			"from": [12.4, 15.7, 11.6],
			"to": [4.4, 7.7, 3.6],
			"rotation": {"angle": 22.5, "axis": "y", "origin": [8, 11.9, 8]},
			"faces": {
				"north": {"uv": [3, 1, 4, 2], "texture": "#1"},
				"east": {"uv": [3, 1, 4, 2], "texture": "#1"},
				"south": {"uv": [3, 1, 4, 2], "texture": "#1"},
				"west": {"uv": [3, 1, 4, 2], "texture": "#1"},
				"up": {"uv": [3, 1, 4, 2], "texture": "#1"},
				"down": {"uv": [3, 1, 4, 2], "texture": "#1"}
			}
		},
		{
			"name": "frame5b",
			"from": [11.5, 16.4, 12.5],
			"to": [3.5, 8.4, 4.5],
			"rotation": {"angle": 0, "axis": "y", "origin": [0, -15.1, 0]},
			"faces": {
				"north": {"uv": [4, 0, 5, 1], "texture": "#1"},
				"east": {"uv": [4, 0, 5, 1], "texture": "#1"},
				"south": {"uv": [4, 0, 5, 1], "texture": "#1"},
				"west": {"uv": [4, 0, 5, 1], "texture": "#1"},
				"up": {"uv": [4, 0, 5, 1], "texture": "#1"},
				"down": {"uv": [4, 0, 5, 1], "texture": "#1"}
			}
		},
		{
			"name": "frame5r",
			"from": [12.5, 15.4, 11.5],
			"to": [4.5, 7.4, 3.5],
			"rotation": {"angle": 0, "axis": "y", "origin": [0, -15.1, 0]},
			"faces": {
				"north": {"uv": [4, 1, 5, 2], "texture": "#1"},
				"east": {"uv": [4, 1, 5, 2], "texture": "#1"},
				"south": {"uv": [4, 1, 5, 2], "texture": "#1"},
				"west": {"uv": [4, 1, 5, 2], "texture": "#1"},
				"up": {"uv": [4, 1, 5, 2], "texture": "#1"},
				"down": {"uv": [4, 1, 5, 2], "texture": "#1"}
			}
		},
		{
			"name": "frame6b",
			"from": [11.4, 16.5, 12.6],
			"to": [3.4, 8.5, 4.6],
			"rotation": {"angle": 0, "axis": "y", "origin": [0, -15.1, 0]},
			"faces": {
				"north": {"uv": [5, 0, 6, 1], "texture": "#1"},
				"east": {"uv": [5, 0, 6, 1], "texture": "#1"},
				"south": {"uv": [5, 0, 6, 1], "texture": "#1"},
				"west": {"uv": [5, 0, 6, 1], "texture": "#1"},
				"up": {"uv": [5, 0, 6, 1], "texture": "#1"},
				"down": {"uv": [5, 0, 6, 1], "texture": "#1"}
			}
		},
		{
			"name": "frame6r",
			"from": [12.6, 15.3, 11.4],
			"to": [4.6, 7.3, 3.4],
			"rotation": {"angle": 0, "axis": "y", "origin": [0, -15.1, 0]},
			"faces": {
				"north": {"uv": [5, 1, 6, 2], "texture": "#1"},
				"east": {"uv": [5, 1, 6, 2], "texture": "#1"},
				"south": {"uv": [5, 1, 6, 2], "texture": "#1"},
				"west": {"uv": [5, 1, 6, 2], "texture": "#1"},
				"up": {"uv": [5, 1, 6, 2], "texture": "#1"},
				"down": {"uv": [5, 1, 6, 2], "texture": "#1"}
			}
		},
		{
			"name": "frame7b",
			"from": [11.4, 16.5, 12.6],
			"to": [3.4, 8.5, 4.6],
			"rotation": {"angle": 0, "axis": "y", "origin": [0, -15.1, 0]},
			"faces": {
				"north": {"uv": [6, 0, 7, 1], "texture": "#1"},
				"east": {"uv": [6, 0, 7, 1], "texture": "#1"},
				"south": {"uv": [6, 0, 7, 1], "texture": "#1"},
				"west": {"uv": [6, 0, 7, 1], "texture": "#1"},
				"up": {"uv": [6, 0, 7, 1], "texture": "#1"},
				"down": {"uv": [6, 0, 7, 1], "texture": "#1"}
			}
		},
		{
			"name": "frame7r",
			"from": [12.6, 15.3, 11.4],
			"to": [4.6, 7.3, 3.4],
			"rotation": {"angle": 0, "axis": "y", "origin": [0, -15.1, 0]},
			"faces": {
				"north": {"uv": [6, 1, 7, 2], "texture": "#1"},
				"east": {"uv": [6, 1, 7, 2], "texture": "#1"},
				"south": {"uv": [6, 1, 7, 2], "texture": "#1"},
				"west": {"uv": [6, 1, 7, 2], "texture": "#1"},
				"up": {"uv": [6, 1, 7, 2], "texture": "#1"},
				"down": {"uv": [6, 1, 7, 2], "texture": "#1"}
			}
		},
		{
			"name": "frame8b",
			"from": [11.3, 16.6, 12.7],
			"to": [3.3, 8.6, 4.7],
			"rotation": {"angle": 0, "axis": "y", "origin": [0, -15.1, 0]},
			"faces": {
				"north": {"uv": [7, 0, 8, 1], "texture": "#1"},
				"east": {"uv": [7, 0, 8, 1], "texture": "#1"},
				"south": {"uv": [7, 0, 8, 1], "texture": "#1"},
				"west": {"uv": [7, 0, 8, 1], "texture": "#1"},
				"up": {"uv": [7, 0, 8, 1], "texture": "#1"},
				"down": {"uv": [7, 0, 8, 1], "texture": "#1"}
			}
		},
		{
			"name": "frame8r",
			"from": [12.7, 15.2, 11.3],
			"to": [4.7, 7.2, 3.3],
			"rotation": {"angle": 0, "axis": "y", "origin": [0, -15.1, 0]},
			"faces": {
				"north": {"uv": [7, 1, 8, 2], "texture": "#1"},
				"east": {"uv": [7, 1, 8, 2], "texture": "#1"},
				"south": {"uv": [7, 1, 8, 2], "texture": "#1"},
				"west": {"uv": [7, 1, 8, 2], "texture": "#1"},
				"up": {"uv": [7, 1, 8, 2], "texture": "#1"},
				"down": {"uv": [7, 1, 8, 2], "texture": "#1"}
			}
		},
		{
			"name": "frame9b",
			"from": [11.2, 16.7, 12.8],
			"to": [3.2, 8.7, 4.8],
			"rotation": {"angle": 0, "axis": "y", "origin": [0, -15.1, 0]},
			"faces": {
				"north": {"uv": [8, 0, 9, 1], "texture": "#1"},
				"east": {"uv": [8, 0, 9, 1], "texture": "#1"},
				"south": {"uv": [8, 0, 9, 1], "texture": "#1"},
				"west": {"uv": [8, 0, 9, 1], "texture": "#1"},
				"up": {"uv": [8, 0, 9, 1], "texture": "#1"},
				"down": {"uv": [8, 0, 9, 1], "texture": "#1"}
			}
		},
		{
			"name": "frame9r",
			"from": [12.8, 15.1, 11.2],
			"to": [4.8, 7.1, 3.2],
			"rotation": {"angle": 0, "axis": "y", "origin": [0, -15.1, 0]},
			"faces": {
				"north": {"uv": [8, 1, 9, 2], "texture": "#1"},
				"east": {"uv": [8, 1, 9, 2], "texture": "#1"},
				"south": {"uv": [8, 1, 9, 2], "texture": "#1"},
				"west": {"uv": [8, 1, 9, 2], "texture": "#1"},
				"up": {"uv": [8, 1, 9, 2], "texture": "#1"},
				"down": {"uv": [8, 1, 9, 2], "texture": "#1"}
			}
		},
		{
			"name": "frame10b",
			"from": [11.1, 16.8, 12.9],
			"to": [3.1, 8.8, 4.9],
			"rotation": {"angle": 0, "axis": "y", "origin": [0, -15.1, 0]},
			"faces": {
				"north": {"uv": [9, 0, 10, 1], "texture": "#1"},
				"east": {"uv": [9, 0, 10, 1], "texture": "#1"},
				"south": {"uv": [9, 0, 10, 1], "texture": "#1"},
				"west": {"uv": [9, 0, 10, 1], "texture": "#1"},
				"up": {"uv": [9, 0, 10, 1], "texture": "#1"},
				"down": {"uv": [9, 0, 10, 1], "texture": "#1"}
			}
		},
		{
			"name": "frame10r",
			"from": [12.9, 15, 11.1],
			"to": [4.9, 7, 3.1],
			"rotation": {"angle": 0, "axis": "y", "origin": [0, -15.1, 0]},
			"faces": {
				"north": {"uv": [9, 1, 10, 2], "texture": "#1"},
				"east": {"uv": [9, 1, 10, 2], "texture": "#1"},
				"south": {"uv": [9, 1, 10, 2], "texture": "#1"},
				"west": {"uv": [9, 1, 10, 2], "texture": "#1"},
				"up": {"uv": [9, 1, 10, 2], "texture": "#1"},
				"down": {"uv": [9, 1, 10, 2], "texture": "#1"}
			}
		},
		{
			"name": "frame11b",
			"from": [11, 16.3, 12.4],
			"to": [3, 8.3, 4.4],
			"rotation": {"angle": 0, "axis": "y", "origin": [0, -15.1, 0]},
			"faces": {
				"north": {"uv": [10, 0, 11, 1], "texture": "#1"},
				"east": {"uv": [10, 0, 11, 1], "texture": "#1"},
				"south": {"uv": [10, 0, 11, 1], "texture": "#1"},
				"west": {"uv": [10, 0, 11, 1], "texture": "#1"},
				"up": {"uv": [10, 0, 11, 1], "texture": "#1"},
				"down": {"uv": [10, 0, 11, 1], "texture": "#1"}
			}
		},
		{
			"name": "frame11r",
			"from": [13, 15.5, 11.6],
			"to": [5, 7.5, 3.6],
			"rotation": {"angle": 0, "axis": "y", "origin": [0, -15.1, 0]},
			"faces": {
				"north": {"uv": [10, 1, 11, 2], "texture": "#1"},
				"east": {"uv": [10, 1, 11, 2], "texture": "#1"},
				"south": {"uv": [10, 1, 11, 2], "texture": "#1"},
				"west": {"uv": [10, 1, 11, 2], "texture": "#1"},
				"up": {"uv": [10, 1, 11, 2], "texture": "#1"},
				"down": {"uv": [10, 1, 11, 2], "texture": "#1"}
			}
		},
		{
			"name": "frame12b",
			"from": [11.1, 16.4, 12.5],
			"to": [3.1, 8.4, 4.5],
			"rotation": {"angle": 0, "axis": "y", "origin": [0, -15.1, 0]},
			"faces": {
				"north": {"uv": [11, 0, 12, 1], "texture": "#1"},
				"east": {"uv": [11, 0, 12, 1], "texture": "#1"},
				"south": {"uv": [11, 0, 12, 1], "texture": "#1"},
				"west": {"uv": [11, 0, 12, 1], "texture": "#1"},
				"up": {"uv": [11, 0, 12, 1], "texture": "#1"},
				"down": {"uv": [11, 0, 12, 1], "texture": "#1"}
			}
		},
		{
			"name": "frame12r",
			"from": [12.9, 15.4, 11.5],
			"to": [4.9, 7.4, 3.5],
			"rotation": {"angle": 0, "axis": "y", "origin": [0, -15.1, 0]},
			"faces": {
				"north": {"uv": [11, 1, 12, 2], "texture": "#1"},
				"east": {"uv": [11, 1, 12, 2], "texture": "#1"},
				"south": {"uv": [11, 1, 12, 2], "texture": "#1"},
				"west": {"uv": [11, 1, 12, 2], "texture": "#1"},
				"up": {"uv": [11, 1, 12, 2], "texture": "#1"},
				"down": {"uv": [11, 1, 12, 2], "texture": "#1"}
			}
		},
		{
			"name": "frame13b",
			"from": [11.1, 16.3, 12.5],
			"to": [3.1, 8.3, 4.5],
			"rotation": {"angle": 0, "axis": "y", "origin": [0, -15.1, 0]},
			"faces": {
				"north": {"uv": [12, 0, 13, 1], "texture": "#1"},
				"east": {"uv": [12, 0, 13, 1], "texture": "#1"},
				"south": {"uv": [12, 0, 13, 1], "texture": "#1"},
				"west": {"uv": [12, 0, 13, 1], "texture": "#1"},
				"up": {"uv": [12, 0, 13, 1], "texture": "#1"},
				"down": {"uv": [12, 0, 13, 1], "texture": "#1"}
			}
		},
		{
			"name": "frame13r",
			"from": [12.9, 15.5, 11.5],
			"to": [4.9, 7.5, 3.5],
			"rotation": {"angle": 0, "axis": "y", "origin": [0, -15.1, 0]},
			"faces": {
				"north": {"uv": [12, 1, 13, 2], "texture": "#1"},
				"east": {"uv": [12, 1, 13, 2], "texture": "#1"},
				"south": {"uv": [12, 1, 13, 2], "texture": "#1"},
				"west": {"uv": [12, 1, 13, 2], "texture": "#1"},
				"up": {"uv": [12, 1, 13, 2], "texture": "#1"},
				"down": {"uv": [12, 1, 13, 2], "texture": "#1"}
			}
		},
		{
			"name": "frame14b",
			"from": [11, 15.3, 12.5],
			"to": [3, 7.3, 4.5],
			"rotation": {"angle": 0, "axis": "y", "origin": [0, -15.1, 0]},
			"faces": {
				"north": {"uv": [13, 0, 14, 1], "texture": "#1"},
				"east": {"uv": [13, 0, 14, 1], "texture": "#1"},
				"south": {"uv": [13, 0, 14, 1], "texture": "#1"},
				"west": {"uv": [13, 0, 14, 1], "texture": "#1"},
				"up": {"uv": [13, 0, 14, 1], "texture": "#1"},
				"down": {"uv": [13, 0, 14, 1], "texture": "#1"}
			}
		},
		{
			"name": "frame14r",
			"from": [13, 16.5, 11.5],
			"to": [5, 8.5, 3.5],
			"rotation": {"angle": 0, "axis": "y", "origin": [0, -15.1, 0]},
			"faces": {
				"north": {"uv": [13, 1, 14, 2], "texture": "#1"},
				"east": {"uv": [13, 1, 14, 2], "texture": "#1"},
				"south": {"uv": [13, 1, 14, 2], "texture": "#1"},
				"west": {"uv": [13, 1, 14, 2], "texture": "#1"},
				"up": {"uv": [13, 1, 14, 2], "texture": "#1"},
				"down": {"uv": [13, 1, 14, 2], "texture": "#1"}
			}
		},
		{
			"name": "frame15b",
			"from": [11.5, 15.8, 12.7],
			"to": [3.5, 7.8, 4.7],
			"rotation": {"angle": 0, "axis": "y", "origin": [0, -15.1, 0]},
			"faces": {
				"north": {"uv": [14, 0, 15, 1], "texture": "#1"},
				"east": {"uv": [14, 0, 15, 1], "texture": "#1"},
				"south": {"uv": [14, 0, 15, 1], "texture": "#1"},
				"west": {"uv": [14, 0, 15, 1], "texture": "#1"},
				"up": {"uv": [14, 0, 15, 1], "texture": "#1"},
				"down": {"uv": [14, 0, 15, 1], "texture": "#1"}
			}
		},
		{
			"name": "frame15r",
			"from": [12.5, 16, 11.3],
			"to": [4.5, 8, 3.3],
			"rotation": {"angle": 0, "axis": "y", "origin": [0, -15.1, 0]},
			"faces": {
				"north": {"uv": [14, 1, 15, 2], "texture": "#1"},
				"east": {"uv": [14, 1, 15, 2], "texture": "#1"},
				"south": {"uv": [14, 1, 15, 2], "texture": "#1"},
				"west": {"uv": [14, 1, 15, 2], "texture": "#1"},
				"up": {"uv": [14, 1, 15, 2], "texture": "#1"},
				"down": {"uv": [14, 1, 15, 2], "texture": "#1"}
			}
		},
		{
			"name": "frame16b",
			"from": [11.5, 15.7, 12.7],
			"to": [3.5, 7.7, 4.7],
			"rotation": {"angle": 0, "axis": "y", "origin": [0, -15.1, 0]},
			"faces": {
				"north": {"uv": [15, 0, 16, 1], "texture": "#1"},
				"east": {"uv": [15, 0, 16, 1], "texture": "#1"},
				"south": {"uv": [15, 0, 16, 1], "texture": "#1"},
				"west": {"uv": [15, 0, 16, 1], "texture": "#1"},
				"up": {"uv": [15, 0, 16, 1], "texture": "#1"},
				"down": {"uv": [15, 0, 16, 1], "texture": "#1"}
			}
		},
		{
			"name": "frame16r",
			"from": [12.5, 16.1, 11.3],
			"to": [4.5, 8.1, 3.3],
			"rotation": {"angle": 0, "axis": "y", "origin": [0, -15.1, 0]},
			"faces": {
				"north": {"uv": [15, 1, 16, 2], "texture": "#1"},
				"east": {"uv": [15, 1, 16, 2], "texture": "#1"},
				"south": {"uv": [15, 1, 16, 2], "texture": "#1"},
				"west": {"uv": [15, 1, 16, 2], "texture": "#1"},
				"up": {"uv": [15, 1, 16, 2], "texture": "#1"},
				"down": {"uv": [15, 1, 16, 2], "texture": "#1"}
			}
		},
		{
			"name": "frame17b",
			"from": [11.4, 15.6, 12.7],
			"to": [3.4, 7.6, 4.7],
			"rotation": {"angle": 0, "axis": "y", "origin": [0, -15.1, 0]},
			"faces": {
				"north": {"uv": [0, 2, 1, 3], "texture": "#1"},
				"east": {"uv": [0, 2, 1, 3], "texture": "#1"},
				"south": {"uv": [0, 2, 1, 3], "texture": "#1"},
				"west": {"uv": [0, 2, 1, 3], "texture": "#1"},
				"up": {"uv": [0, 2, 1, 3], "texture": "#1"},
				"down": {"uv": [0, 2, 1, 3], "texture": "#1"}
			}
		},
		{
			"name": "frame17r",
			"from": [12.6, 16.2, 11.3],
			"to": [4.6, 8.2, 3.3],
			"rotation": {"angle": 0, "axis": "y", "origin": [0, -15.1, 0]},
			"faces": {
				"north": {"uv": [0, 3, 1, 4], "texture": "#1"},
				"east": {"uv": [0, 3, 1, 4], "texture": "#1"},
				"south": {"uv": [0, 3, 1, 4], "texture": "#1"},
				"west": {"uv": [0, 3, 1, 4], "texture": "#1"},
				"up": {"uv": [0, 3, 1, 4], "texture": "#1"},
				"down": {"uv": [0, 3, 1, 4], "texture": "#1"}
			}
		},
		{
			"name": "frame18b",
			"from": [11.6, 15.6, 12.7],
			"to": [3.6, 7.6, 4.7],
			"rotation": {"angle": 0, "axis": "y", "origin": [0, -15.1, 0]},
			"faces": {
				"north": {"uv": [1, 2, 2, 3], "texture": "#1"},
				"east": {"uv": [1, 2, 2, 3], "texture": "#1"},
				"south": {"uv": [1, 2, 2, 3], "texture": "#1"},
				"west": {"uv": [1, 2, 2, 3], "texture": "#1"},
				"up": {"uv": [1, 2, 2, 3], "texture": "#1"},
				"down": {"uv": [1, 2, 2, 3], "texture": "#1"}
			}
		},
		{
			"name": "frame18r",
			"from": [12.4, 16.2, 11.3],
			"to": [4.4, 8.2, 3.3],
			"rotation": {"angle": 0, "axis": "y", "origin": [0, -15.1, 0]},
			"faces": {
				"north": {"uv": [1, 3, 2, 4], "texture": "#1"},
				"east": {"uv": [1, 3, 2, 4], "texture": "#1"},
				"south": {"uv": [1, 3, 2, 4], "texture": "#1"},
				"west": {"uv": [1, 3, 2, 4], "texture": "#1"},
				"up": {"uv": [1, 3, 2, 4], "texture": "#1"},
				"down": {"uv": [1, 3, 2, 4], "texture": "#1"}
			}
		},
		{
			"name": "frame19b",
			"from": [11.4, 15.6, 12.7],
			"to": [3.4, 7.6, 4.7],
			"rotation": {"angle": 22.5, "axis": "y", "origin": [8, 11.9, 8]},
			"faces": {
				"north": {"uv": [2, 2, 3, 3], "texture": "#1"},
				"east": {"uv": [2, 2, 3, 3], "texture": "#1"},
				"south": {"uv": [2, 2, 3, 3], "texture": "#1"},
				"west": {"uv": [2, 2, 3, 3], "texture": "#1"},
				"up": {"uv": [2, 2, 3, 3], "texture": "#1"},
				"down": {"uv": [2, 2, 3, 3], "texture": "#1"}
			}
		},
		{
			"name": "frame19r",
			"from": [12.6, 16.2, 11.3],
			"to": [4.6, 8.2, 3.3],
			"rotation": {"angle": 22.5, "axis": "y", "origin": [8, 11.9, 8]},
			"faces": {
				"north": {"uv": [2, 3, 3, 4], "texture": "#1"},
				"east": {"uv": [2, 3, 3, 4], "texture": "#1"},
				"south": {"uv": [2, 3, 3, 4], "texture": "#1"},
				"west": {"uv": [2, 3, 3, 4], "texture": "#1"},
				"up": {"uv": [2, 3, 3, 4], "texture": "#1"},
				"down": {"uv": [2, 3, 3, 4], "texture": "#1"}
			}
		},
		{
			"name": "frame20b",
			"from": [11.5, 15.7, 12.7],
			"to": [3.5, 7.7, 4.7],
			"rotation": {"angle": 22.5, "axis": "y", "origin": [8, 11.9, 8]},
			"faces": {
				"north": {"uv": [3, 2, 4, 3], "texture": "#1"},
				"east": {"uv": [3, 2, 4, 3], "texture": "#1"},
				"south": {"uv": [3, 2, 4, 3], "texture": "#1"},
				"west": {"uv": [3, 2, 4, 3], "texture": "#1"},
				"up": {"uv": [3, 2, 4, 3], "texture": "#1"},
				"down": {"uv": [3, 2, 4, 3], "texture": "#1"}
			}
		},
		{
			"name": "frame20r",
			"from": [12.5, 16.1, 11.3],
			"to": [4.5, 8.1, 3.3],
			"rotation": {"angle": 22.5, "axis": "y", "origin": [8, 11.9, 8]},
			"faces": {
				"north": {"uv": [3, 3, 4, 4], "texture": "#1"},
				"east": {"uv": [3, 3, 4, 4], "texture": "#1"},
				"south": {"uv": [3, 3, 4, 4], "texture": "#1"},
				"west": {"uv": [3, 3, 4, 4], "texture": "#1"},
				"up": {"uv": [3, 3, 4, 4], "texture": "#1"},
				"down": {"uv": [3, 3, 4, 4], "texture": "#1"}
			}
		},
		{
			"name": "frame21b",
			"from": [11, 16.7, 12.7],
			"to": [3, 8.7, 4.7],
			"rotation": {"angle": 0, "axis": "y", "origin": [0, -15.1, 0]},
			"faces": {
				"north": {"uv": [4, 2, 5, 3], "texture": "#1"},
				"east": {"uv": [4, 2, 5, 3], "texture": "#1"},
				"south": {"uv": [4, 2, 5, 3], "texture": "#1"},
				"west": {"uv": [4, 2, 5, 3], "texture": "#1"},
				"up": {"uv": [4, 2, 5, 3], "texture": "#1"},
				"down": {"uv": [4, 2, 5, 3], "texture": "#1"}
			}
		},
		{
			"name": "frame21r",
			"from": [13, 15.1, 11.3],
			"to": [5, 7.1, 3.3],
			"rotation": {"angle": 0, "axis": "y", "origin": [0, -15.1, 0]},
			"faces": {
				"north": {"uv": [4, 3, 5, 4], "texture": "#1"},
				"east": {"uv": [4, 3, 5, 4], "texture": "#1"},
				"south": {"uv": [4, 3, 5, 4], "texture": "#1"},
				"west": {"uv": [4, 3, 5, 4], "texture": "#1"},
				"up": {"uv": [4, 3, 5, 4], "texture": "#1"},
				"down": {"uv": [4, 3, 5, 4], "texture": "#1"}
			}
		},
		{
			"name": "frame22b",
			"from": [11.1, 16.5, 12.4],
			"to": [3.1, 8.5, 4.4],
			"rotation": {"angle": 0, "axis": "y", "origin": [0, -15.1, 0]},
			"faces": {
				"north": {"uv": [5, 2, 6, 3], "texture": "#1"},
				"east": {"uv": [5, 2, 6, 3], "texture": "#1"},
				"south": {"uv": [5, 2, 6, 3], "texture": "#1"},
				"west": {"uv": [5, 2, 6, 3], "texture": "#1"},
				"up": {"uv": [5, 2, 6, 3], "texture": "#1"},
				"down": {"uv": [5, 2, 6, 3], "texture": "#1"}
			}
		},
		{
			"name": "frame22r",
			"from": [12.9, 15.3, 11.6],
			"to": [4.9, 7.3, 3.6],
			"rotation": {"angle": 0, "axis": "y", "origin": [0, -15.1, 0]},
			"faces": {
				"north": {"uv": [5, 3, 6, 4], "texture": "#1"},
				"east": {"uv": [5, 3, 6, 4], "texture": "#1"},
				"south": {"uv": [5, 3, 6, 4], "texture": "#1"},
				"west": {"uv": [5, 3, 6, 4], "texture": "#1"},
				"up": {"uv": [5, 3, 6, 4], "texture": "#1"},
				"down": {"uv": [5, 3, 6, 4], "texture": "#1"}
			}
		},
		{
			"name": "frame23b",
			"from": [11, 16.3, 12.4],
			"to": [3, 8.3, 4.4],
			"rotation": {"angle": 0, "axis": "y", "origin": [0, -15.1, 0]},
			"faces": {
				"north": {"uv": [6, 2, 7, 3], "texture": "#1"},
				"east": {"uv": [6, 2, 7, 3], "texture": "#1"},
				"south": {"uv": [6, 2, 7, 3], "texture": "#1"},
				"west": {"uv": [6, 2, 7, 3], "texture": "#1"},
				"up": {"uv": [6, 2, 7, 3], "texture": "#1"},
				"down": {"uv": [6, 2, 7, 3], "texture": "#1"}
			}
		},
		{
			"name": "frame23r",
			"from": [13, 15.5, 11.6],
			"to": [5, 7.5, 3.6],
			"rotation": {"angle": 0, "axis": "y", "origin": [0, -15.1, 0]},
			"faces": {
				"north": {"uv": [6, 3, 7, 4], "texture": "#1"},
				"east": {"uv": [6, 3, 7, 4], "texture": "#1"},
				"south": {"uv": [6, 3, 7, 4], "texture": "#1"},
				"west": {"uv": [6, 3, 7, 4], "texture": "#1"},
				"up": {"uv": [6, 3, 7, 4], "texture": "#1"},
				"down": {"uv": [6, 3, 7, 4], "texture": "#1"}
			}
		},
		{
			"name": "frame24b",
			"from": [11, 15.3, 12.4],
			"to": [3, 7.3, 4.4],
			"rotation": {"angle": 0, "axis": "y", "origin": [0, -15.1, 0]},
			"faces": {
				"north": {"uv": [7, 2, 8, 3], "texture": "#1"},
				"east": {"uv": [7, 2, 8, 3], "texture": "#1"},
				"south": {"uv": [7, 2, 8, 3], "texture": "#1"},
				"west": {"uv": [7, 2, 8, 3], "texture": "#1"},
				"up": {"uv": [7, 2, 8, 3], "texture": "#1"},
				"down": {"uv": [7, 2, 8, 3], "texture": "#1"}
			}
		},
		{
			"name": "frame24r",
			"from": [13, 16.5, 11.6],
			"to": [5, 8.5, 3.6],
			"rotation": {"angle": 0, "axis": "y", "origin": [0, -15.1, 0]},
			"faces": {
				"north": {"uv": [7, 3, 8, 4], "texture": "#1"},
				"east": {"uv": [7, 3, 8, 4], "texture": "#1"},
				"south": {"uv": [7, 3, 8, 4], "texture": "#1"},
				"west": {"uv": [7, 3, 8, 4], "texture": "#1"},
				"up": {"uv": [7, 3, 8, 4], "texture": "#1"},
				"down": {"uv": [7, 3, 8, 4], "texture": "#1"}
			}
		},
		{
			"name": "frame25b",
			"from": [11.1, 15.4, 12.5],
			"to": [3.1, 7.4, 4.5],
			"rotation": {"angle": 0, "axis": "y", "origin": [0, -15.1, 0]},
			"faces": {
				"north": {"uv": [8, 2, 9, 3], "texture": "#1"},
				"east": {"uv": [8, 2, 9, 3], "texture": "#1"},
				"south": {"uv": [8, 2, 9, 3], "texture": "#1"},
				"west": {"uv": [8, 2, 9, 3], "texture": "#1"},
				"up": {"uv": [8, 2, 9, 3], "texture": "#1"},
				"down": {"uv": [8, 2, 9, 3], "texture": "#1"}
			}
		},
		{
			"name": "frame25r",
			"from": [12.9, 16.4, 11.5],
			"to": [4.9, 8.4, 3.5],
			"rotation": {"angle": 0, "axis": "y", "origin": [0, -15.1, 0]},
			"faces": {
				"north": {"uv": [8, 3, 9, 4], "texture": "#1"},
				"east": {"uv": [8, 3, 9, 4], "texture": "#1"},
				"south": {"uv": [8, 3, 9, 4], "texture": "#1"},
				"west": {"uv": [8, 3, 9, 4], "texture": "#1"},
				"up": {"uv": [8, 3, 9, 4], "texture": "#1"},
				"down": {"uv": [8, 3, 9, 4], "texture": "#1"}
			}
		},
		{
			"name": "frame26b",
			"from": [11.2, 15.5, 12.4],
			"to": [3.2, 7.5, 4.4],
			"rotation": {"angle": 0, "axis": "y", "origin": [0, -15.1, 0]},
			"faces": {
				"north": {"uv": [9, 2, 10, 3], "texture": "#1"},
				"east": {"uv": [9, 2, 10, 3], "texture": "#1"},
				"south": {"uv": [9, 2, 10, 3], "texture": "#1"},
				"west": {"uv": [9, 2, 10, 3], "texture": "#1"},
				"up": {"uv": [9, 2, 10, 3], "texture": "#1"},
				"down": {"uv": [9, 2, 10, 3], "texture": "#1"}
			}
		},
		{
			"name": "frame26r",
			"from": [12.8, 16.3, 11.6],
			"to": [4.8, 8.3, 3.6],
			"rotation": {"angle": 0, "axis": "y", "origin": [0, -15.1, 0]},
			"faces": {
				"north": {"uv": [9, 3, 10, 4], "texture": "#1"},
				"east": {"uv": [9, 3, 10, 4], "texture": "#1"},
				"south": {"uv": [9, 3, 10, 4], "texture": "#1"},
				"west": {"uv": [9, 3, 10, 4], "texture": "#1"},
				"up": {"uv": [9, 3, 10, 4], "texture": "#1"},
				"down": {"uv": [9, 3, 10, 4], "texture": "#1"}
			}
		},
		{
			"name": "frame27b",
			"from": [11.3, 15.6, 12.3],
			"to": [3.3, 7.6, 4.3],
			"rotation": {"angle": 0, "axis": "y", "origin": [0, -15.1, 0]},
			"faces": {
				"north": {"uv": [10, 2, 11, 3], "texture": "#1"},
				"east": {"uv": [10, 2, 11, 3], "texture": "#1"},
				"south": {"uv": [10, 2, 11, 3], "texture": "#1"},
				"west": {"uv": [10, 2, 11, 3], "texture": "#1"},
				"up": {"uv": [10, 2, 11, 3], "texture": "#1"},
				"down": {"uv": [10, 2, 11, 3], "texture": "#1"}
			}
		},
		{
			"name": "frame27r",
			"from": [12.7, 16.2, 11.7],
			"to": [4.7, 8.2, 3.7],
			"rotation": {"angle": 0, "axis": "y", "origin": [0, -15.1, 0]},
			"faces": {
				"north": {"uv": [10, 3, 11, 4], "texture": "#1"},
				"east": {"uv": [10, 3, 11, 4], "texture": "#1"},
				"south": {"uv": [10, 3, 11, 4], "texture": "#1"},
				"west": {"uv": [10, 3, 11, 4], "texture": "#1"},
				"up": {"uv": [10, 3, 11, 4], "texture": "#1"},
				"down": {"uv": [10, 3, 11, 4], "texture": "#1"}
			}
		},
		{
			"name": "frame28b",
			"from": [11.4, 15.7, 12.2],
			"to": [3.4, 7.7, 4.2],
			"rotation": {"angle": 0, "axis": "y", "origin": [0, -15.1, 0]},
			"faces": {
				"north": {"uv": [11, 2, 12, 3], "texture": "#1"},
				"east": {"uv": [11, 2, 12, 3], "texture": "#1"},
				"south": {"uv": [11, 2, 12, 3], "texture": "#1"},
				"west": {"uv": [11, 2, 12, 3], "texture": "#1"},
				"up": {"uv": [11, 2, 12, 3], "texture": "#1"},
				"down": {"uv": [11, 2, 12, 3], "texture": "#1"}
			}
		},
		{
			"name": "frame28r",
			"from": [12.6, 16.1, 11.8],
			"to": [4.6, 8.1, 3.8],
			"rotation": {"angle": 0, "axis": "y", "origin": [0, -15.1, 0]},
			"faces": {
				"north": {"uv": [11, 3, 12, 4], "texture": "#1"},
				"east": {"uv": [11, 3, 12, 4], "texture": "#1"},
				"south": {"uv": [11, 3, 12, 4], "texture": "#1"},
				"west": {"uv": [11, 3, 12, 4], "texture": "#1"},
				"up": {"uv": [11, 3, 12, 4], "texture": "#1"},
				"down": {"uv": [11, 3, 12, 4], "texture": "#1"}
			}
		},
		{
			"name": "frame29b",
			"from": [11.2, 16.1, 12.4],
			"to": [3.2, 8.1, 4.4],
			"rotation": {"angle": 0, "axis": "y", "origin": [0, -15.1, 0]},
			"faces": {
				"north": {"uv": [12, 2, 13, 3], "texture": "#1"},
				"east": {"uv": [12, 2, 13, 3], "texture": "#1"},
				"south": {"uv": [12, 2, 13, 3], "texture": "#1"},
				"west": {"uv": [12, 2, 13, 3], "texture": "#1"},
				"up": {"uv": [12, 2, 13, 3], "texture": "#1"},
				"down": {"uv": [12, 2, 13, 3], "texture": "#1"}
			}
		},
		{
			"name": "frame29r",
			"from": [12.8, 15.7, 11.6],
			"to": [4.8, 7.7, 3.6],
			"rotation": {"angle": 0, "axis": "y", "origin": [0, -15.1, 0]},
			"faces": {
				"north": {"uv": [12, 3, 13, 4], "texture": "#1"},
				"east": {"uv": [12, 3, 13, 4], "texture": "#1"},
				"south": {"uv": [12, 3, 13, 4], "texture": "#1"},
				"west": {"uv": [12, 3, 13, 4], "texture": "#1"},
				"up": {"uv": [12, 3, 13, 4], "texture": "#1"},
				"down": {"uv": [12, 3, 13, 4], "texture": "#1"}
			}
		},
		{
			"name": "frame30b",
			"from": [11.2, 15.1, 12.4],
			"to": [3.2, 7.1, 4.4],
			"rotation": {"angle": 0, "axis": "y", "origin": [0, -15.1, 0]},
			"faces": {
				"north": {"uv": [13, 2, 14, 3], "texture": "#1"},
				"east": {"uv": [13, 2, 14, 3], "texture": "#1"},
				"south": {"uv": [13, 2, 14, 3], "texture": "#1"},
				"west": {"uv": [13, 2, 14, 3], "texture": "#1"},
				"up": {"uv": [13, 2, 14, 3], "texture": "#1"},
				"down": {"uv": [13, 2, 14, 3], "texture": "#1"}
			}
		},
		{
			"name": "frame30r",
			"from": [12.8, 16.7, 11.6],
			"to": [4.8, 8.7, 3.6],
			"rotation": {"angle": 0, "axis": "y", "origin": [0, -15.1, 0]},
			"faces": {
				"north": {"uv": [13, 3, 14, 4], "texture": "#1"},
				"east": {"uv": [13, 3, 14, 4], "texture": "#1"},
				"south": {"uv": [13, 3, 14, 4], "texture": "#1"},
				"west": {"uv": [13, 3, 14, 4], "texture": "#1"},
				"up": {"uv": [13, 3, 14, 4], "texture": "#1"},
				"down": {"uv": [13, 3, 14, 4], "texture": "#1"}
			}
		},
		{
			"name": "frame31b",
			"from": [11.5, 15.3, 12.4],
			"to": [3.5, 7.3, 4.4],
			"rotation": {"angle": 0, "axis": "y", "origin": [0, -15.1, 0]},
			"faces": {
				"north": {"uv": [14, 2, 15, 3], "texture": "#1"},
				"east": {"uv": [14, 2, 15, 3], "texture": "#1"},
				"south": {"uv": [14, 2, 15, 3], "texture": "#1"},
				"west": {"uv": [14, 2, 15, 3], "texture": "#1"},
				"up": {"uv": [14, 2, 15, 3], "texture": "#1"},
				"down": {"uv": [14, 2, 15, 3], "texture": "#1"}
			}
		},
		{
			"name": "frame31r",
			"from": [12.5, 16.5, 11.6],
			"to": [4.5, 8.5, 3.6],
			"rotation": {"angle": 0, "axis": "y", "origin": [0, -15.1, 0]},
			"faces": {
				"north": {"uv": [14, 3, 15, 4], "texture": "#1"},
				"east": {"uv": [14, 3, 15, 4], "texture": "#1"},
				"south": {"uv": [14, 3, 15, 4], "texture": "#1"},
				"west": {"uv": [14, 3, 15, 4], "texture": "#1"},
				"up": {"uv": [14, 3, 15, 4], "texture": "#1"},
				"down": {"uv": [14, 3, 15, 4], "texture": "#1"}
			}
		},
		{
			"name": "frame32b",
			"from": [11, 15.1, 12.7],
			"to": [3, 7.1, 4.7],
			"rotation": {"angle": 0, "axis": "y", "origin": [0, -15.1, 0]},
			"faces": {
				"north": {"uv": [15, 2, 16, 3], "texture": "#1"},
				"east": {"uv": [15, 2, 16, 3], "texture": "#1"},
				"south": {"uv": [15, 2, 16, 3], "texture": "#1"},
				"west": {"uv": [15, 2, 16, 3], "texture": "#1"},
				"up": {"uv": [15, 2, 16, 3], "texture": "#1"},
				"down": {"uv": [15, 2, 16, 3], "texture": "#1"}
			}
		},
		{
			"name": "frame32r",
			"from": [13, 16.7, 11.3],
			"to": [5, 8.7, 3.3],
			"rotation": {"angle": 0, "axis": "y", "origin": [0, -15.1, 0]},
			"faces": {
				"north": {"uv": [15, 3, 16, 4], "texture": "#1"},
				"east": {"uv": [15, 3, 16, 4], "texture": "#1"},
				"south": {"uv": [15, 3, 16, 4], "texture": "#1"},
				"west": {"uv": [15, 3, 16, 4], "texture": "#1"},
				"up": {"uv": [15, 3, 16, 4], "texture": "#1"},
				"down": {"uv": [15, 3, 16, 4], "texture": "#1"}
			}
		},
		{
			"name": "Box4R",
			"from": [4, 8, 4],
			"to": [12, 16, 12],
			"rotation": {"angle": 22.5, "axis": "y", "origin": [8, 12, 8]},
			"faces": {
				"north": {"uv": [10, 2, 12, 4], "texture": "#skin"},
				"east": {"uv": [8, 2, 10, 4], "texture": "#skin"},
				"south": {"uv": [14, 2, 16, 4], "texture": "#skin"},
				"west": {"uv": [12, 2, 14, 4], "texture": "#skin"},
				"up": {"uv": [10, 0, 12, 2], "texture": "#skin"},
				"down": {"uv": [12, 0, 14, 2], "texture": "#skin"}
			}
		},
		{
			"name": "Box4",
			"from": [4, 8, 4],
			"to": [12, 16, 12],
			"rotation": {"angle": 0, "axis": "y", "origin": [0, -15, 0]},
			"faces": {
				"north": {"uv": [2, 2, 4, 4], "texture": "#skin"},
				"east": {"uv": [0, 2, 2, 4], "texture": "#skin"},
				"south": {"uv": [6, 2, 8, 4], "texture": "#skin"},
				"west": {"uv": [4, 2, 6, 4], "texture": "#skin"},
				"up": {"uv": [2, 0, 4, 2], "texture": "#skin"},
				"down": {"uv": [4, 0, 6, 2], "texture": "#skin"}
			}
		}
	],
	"groups": [
		{
			"name": "animation",
			"origin": [8, 8, 8],
			"color": 0,
			"children": [
				0,
				1,
				2,
				3,
				4,
				5,
				6,
				7,
				8,
				9,
				10,
				11,
				12,
				13,
				14,
				15,
				16,
				17,
				18,
				19,
				20,
				21,
				22,
				23,
				24,
				25,
				26,
				27,
				28,
				29,
				30,
				31,
				32,
				33,
				34,
				35,
				36,
				37,
				38,
				39,
				40,
				41,
				42,
				43,
				44,
				45,
				46,
				47,
				48,
				49,
				50,
				51,
				52,
				53,
				54,
				55,
				56,
				57,
				58,
				59,
				60,
				61,
				62,
				63
			]
		},
		64,
		65
	]
}