{
	"credit": "Made by Bret06 using Blockbench",
	"textures": {
		"0": "lunareclipse.watching:item/skins/glitch/animated_eyes",
		"particle": "lunareclipse.watching:item/skins/glitch/animated_eyes"
	},
	"elements": [
		{
			"name": "Frame3",
			"from": [4, 8, 4],
			"to": [12, 16, 12],
			"rotation": {"angle": 0, "axis": "y", "origin": [0, -16, 0]},
			"faces": {
				"north": {"uv": [8, 0, 12, 4], "texture": "#0"}
			}
		},
		{
			"name": "Frame1",
			"from": [4, 8, 4],
			"to": [12, 16, 12],
			"rotation": {"angle": 0, "axis": "y", "origin": [0, -16, 0]},
			"faces": {
				"north": {"uv": [0, 0, 4, 4], "texture": "#0"}
			}
		},
		{
			"name": "Frame2",
			"from": [4.025, 7.95, 4],
			"to": [12.025, 15.95, 12],
			"rotation": {"angle": 0, "axis": "y", "origin": [8, 12, 8]},
			"faces": {
				"north": {"uv": [4, 0, 8, 4], "texture": "#0"}
			}
		},
		{
			"name": "Frame4",
			"from": [3.975, 7.975, 4],
			"to": [11.975, 15.975, 12],
			"rotation": {"angle": 0, "axis": "y", "origin": [0, -16, 0]},
			"faces": {
				"north": {"uv": [12, 0, 16, 4], "texture": "#0"}
			}
		},
		{
			"name": "Frame5",
			"from": [3.925, 7.975, 4],
			"to": [11.925, 15.975, 12],
			"rotation": {"angle": 0, "axis": "y", "origin": [8, 12, 8]},
			"faces": {
				"north": {"uv": [0, 4, 4, 8], "texture": "#0"}
			}
		},
		{
			"name": "Frame6",
			"from": [4, 8, 4],
			"to": [12, 16, 12],
			"rotation": {"angle": 0, "axis": "y", "origin": [0, -16, 0]},
			"faces": {
				"north": {"uv": [4, 4, 8, 8], "texture": "#0"}
			}
		},
		{
			"name": "Frame7",
			"from": [3.95, 7.95, 4],
			"to": [11.95, 15.95, 12],
			"rotation": {"angle": 0, "axis": "y", "origin": [8, 12, 8]},
			"faces": {
				"north": {"uv": [8, 4, 12, 8], "texture": "#0"}
			}
		},
		{
			"name": "Frame8",
			"from": [4, 8, 4],
			"to": [12, 16, 12],
			"rotation": {"angle": 0, "axis": "y", "origin": [0, -16, 0]},
			"faces": {
				"north": {"uv": [12, 4, 16, 8], "texture": "#0"}
			}
		},
		{
			"name": "Frame9",
			"from": [3.975, 7.975, 4],
			"to": [11.975, 15.975, 12],
			"rotation": {"angle": 0, "axis": "y", "origin": [0, -16, 0]},
			"faces": {
				"north": {"uv": [0, 8, 4, 12], "texture": "#0"}
			}
		},
		{
			"name": "Frame10",
			"from": [3.95, 8, 4],
			"to": [11.95, 16, 12],
			"rotation": {"angle": 0, "axis": "y", "origin": [0, -16, 0]},
			"faces": {
				"north": {"uv": [4, 8, 8, 12], "texture": "#0"}
			}
		},
		{
			"name": "Frame11",
			"from": [4.05, 8, 4],
			"to": [12.05, 16, 12],
			"rotation": {"angle": 0, "axis": "y", "origin": [0, -16, 0]},
			"faces": {
				"north": {"uv": [8, 8, 12, 12], "texture": "#0"}
			}
		},
		{
			"name": "Frame12",
			"from": [4.05, 7.95, 4],
			"to": [12.05, 15.95, 12],
			"rotation": {"angle": 0, "axis": "y", "origin": [0, -16, 0]},
			"faces": {
				"north": {"uv": [12, 8, 16, 12], "texture": "#0"}
			}
		},
		{
			"name": "Frame13",
			"from": [4.05, 8, 4],
			"to": [12.05, 16, 12],
			"rotation": {"angle": 0, "axis": "y", "origin": [0, -16, 0]},
			"faces": {
				"north": {"uv": [0, 12, 4, 16], "texture": "#0"}
			}
		},
		{
			"name": "Frame14",
			"from": [4, 7.95, 4],
			"to": [12, 15.95, 12],
			"rotation": {"angle": 0, "axis": "y", "origin": [0, -16, 0]},
			"faces": {
				"north": {"uv": [4, 12, 8, 16], "texture": "#0"}
			}
		},
		{
			"name": "Frame15",
			"from": [3.975, 8, 4],
			"to": [11.975, 16, 12],
			"rotation": {"angle": 0, "axis": "y", "origin": [0, -16, 0]},
			"faces": {
				"north": {"uv": [8, 12, 12, 16], "texture": "#0"}
			}
		},
		{
			"name": "Frame16",
			"from": [4.025, 8, 4],
			"to": [12.025, 16, 12],
			"rotation": {"angle": 0, "axis": "y", "origin": [0, -16, 0]},
			"faces": {
				"north": {"uv": [12, 12, 16, 16], "texture": "#0"}
			}
		}
	]
}