{
	"credit": "Made by Bret06 using Blockbench",
	"textures": {
		"0": "lunareclipse.watching:item/ui/advancements/found_footage/the_librarian/create_liberty/liberty",
		"1": "lunareclipse.watching:item/ui/advancements/found_footage/the_librarian/create_liberty/lantern",
		"particle": "lunareclipse.watching:item/ui/advancements/found_footage/the_librarian/create_liberty/liberty"
	},
	"elements": [
		{
			"name": "head",
			"from": [5.5, 6, 4.5],
			"to": [10.5, 11, 9.5],
			"rotation": {"angle": -22.5, "axis": "y", "origin": [8, 8.5, 7]},
			"faces": {
				"north": {"uv": [2.5, 2.5, 5, 5], "texture": "#0"},
				"east": {"uv": [0, 2.5, 2.5, 5], "texture": "#0"},
				"south": {"uv": [7.5, 2.5, 10, 5], "texture": "#0"},
				"west": {"uv": [5, 2.5, 7.5, 5], "texture": "#0"},
				"up": {"uv": [5, 2.5, 2.5, 0], "texture": "#0"},
				"down": {"uv": [7.5, 0, 5, 2.5], "texture": "#0"}
			}
		},
		{
			"name": "body",
			"from": [6.5, 2, 6],
			"to": [9.5, 6, 8],
			"faces": {
				"north": {"uv": [1, 6, 2.5, 8], "texture": "#0"},
				"east": {"uv": [0, 6, 1, 8], "texture": "#0"},
				"south": {"uv": [3.5, 6, 5, 8], "texture": "#0"},
				"west": {"uv": [2.5, 6, 3.5, 8], "texture": "#0"},
				"up": {"uv": [2.5, 6, 1, 5], "texture": "#0"},
				"down": {"uv": [4, 5, 2.5, 6], "texture": "#0"}
			}
		},
		{
			"name": "body",
			"from": [6.7, 0.2, 6.7],
			"to": [9.3, 4.8, 8.3],
			"rotation": {"angle": -22.5, "axis": "x", "origin": [8, 3.1, 7]},
			"faces": {
				"north": {"uv": [1, 9, 2.5, 11.5], "texture": "#0"},
				"east": {"uv": [0, 9, 1, 11.5], "texture": "#0"},
				"south": {"uv": [3.5, 9, 5, 11.5], "texture": "#0"},
				"west": {"uv": [2.5, 9, 3.5, 11.5], "texture": "#0"},
				"up": {"uv": [2.5, 9, 1, 8], "texture": "#0"},
				"down": {"uv": [4, 8, 2.5, 9], "texture": "#0"}
			}
		},
		{
			"name": "right_arm",
			"from": [9, 1.4, 6],
			"to": [10, 5.4, 8],
			"rotation": {"angle": 22.5, "axis": "x", "origin": [9, 4.9, 7]},
			"faces": {
				"north": {"uv": [12.5, 1, 13, 3], "texture": "#0"},
				"east": {"uv": [11.5, 1, 12.5, 3], "texture": "#0"},
				"south": {"uv": [14, 1, 14.5, 3], "texture": "#0"},
				"west": {"uv": [13, 1, 14, 3], "texture": "#0"},
				"up": {"uv": [13, 1, 12.5, 0], "texture": "#0"},
				"down": {"uv": [13.5, 0, 13, 1], "texture": "#0"}
			}
		},
		{
			"name": "left_arm",
			"from": [5.8, 1.4, 6],
			"to": [6.8, 5.4, 8],
			"rotation": {"angle": 22.5, "axis": "x", "origin": [6.7, 4.9, 7]},
			"faces": {
				"north": {"uv": [12.5, 4, 13, 6], "texture": "#0"},
				"east": {"uv": [11.5, 4, 12.5, 6], "texture": "#0"},
				"south": {"uv": [14, 4, 14.5, 6], "texture": "#0"},
				"west": {"uv": [13, 4, 14, 6], "texture": "#0"},
				"up": {"uv": [13, 4, 12.5, 3], "texture": "#0"},
				"down": {"uv": [13.5, 3, 13, 4], "texture": "#0"}
			}
		},
		{
			"name": "left_wing",
			"from": [7.5, 1, 8],
			"to": [7.5, 6, 16],
			"rotation": {"angle": -45, "axis": "y", "origin": [7.5, 5.5, 8]},
			"faces": {
				"north": {"uv": [12, 11, 12, 13.5], "texture": "#0"},
				"east": {"uv": [8, 11, 12, 13.5], "texture": "#0"},
				"south": {"uv": [16, 11, 16, 13.5], "texture": "#0"},
				"west": {"uv": [12, 11, 8, 13.5], "texture": "#0"},
				"up": {"uv": [12, 11, 12, 7], "texture": "#0"},
				"down": {"uv": [12, 7, 12, 11], "texture": "#0"}
			}
		},
		{
			"name": "right_wing",
			"from": [8.5, 1, 8],
			"to": [8.5, 6, 16],
			"rotation": {"angle": 45, "axis": "y", "origin": [8.5, 5.5, 8]},
			"faces": {
				"north": {"uv": [12, 11, 12, 13.5], "texture": "#0"},
				"east": {"uv": [8, 11, 12, 13.5], "texture": "#0"},
				"south": {"uv": [16, 11, 16, 13.5], "texture": "#0"},
				"west": {"uv": [12, 11, 8, 13.5], "texture": "#0"},
				"up": {"uv": [12, 11, 12, 7], "texture": "#0"},
				"down": {"uv": [12, 7, 12, 11], "texture": "#0"}
			}
		},
		{
			"from": [5.5, -6, 2.2],
			"to": [10.5, 0, 7.2],
			"rotation": {"angle": 0, "axis": "y", "origin": [-0.5, -7, -2.8]},
			"faces": {
				"north": {"uv": [0, 3, 5, 9], "texture": "#1"},
				"east": {"uv": [0, 3, 5, 9], "texture": "#1"},
				"south": {"uv": [0, 3, 5, 9], "texture": "#1"},
				"west": {"uv": [0, 3, 5, 9], "texture": "#1"},
				"up": {"uv": [0, 9, 5, 14], "texture": "#1"},
				"down": {"uv": [0, 9, 5, 14], "texture": "#1"}
			}
		},
		{
			"from": [8, 2, 3.2],
			"to": [8, 4, 6.2],
			"shade": false,
			"rotation": {"angle": 45, "axis": "y", "origin": [8, 1, 4.7]},
			"faces": {
				"east": {"uv": [11, 10, 14, 12], "texture": "#1"},
				"west": {"uv": [14, 10, 11, 12], "texture": "#1"}
			}
		},
		{
			"from": [6.5, 2, 4.7],
			"to": [9.5, 4, 4.7],
			"shade": false,
			"rotation": {"angle": 45, "axis": "y", "origin": [8, 1, 4.7]},
			"faces": {
				"north": {"uv": [14, 1, 11, 3], "texture": "#1"},
				"south": {"uv": [11, 1, 14, 3], "texture": "#1"}
			}
		},
		{
			"from": [6.5, 0, 3.2],
			"to": [9.5, 2, 6.2],
			"rotation": {"angle": 0, "axis": "y", "origin": [-0.5, -7, -2.8]},
			"faces": {
				"north": {"uv": [1, 1, 4, 3], "texture": "#1"},
				"east": {"uv": [1, 1, 4, 3], "texture": "#1"},
				"south": {"uv": [1, 1, 4, 3], "texture": "#1"},
				"west": {"uv": [1, 1, 4, 3], "texture": "#1"},
				"up": {"uv": [1, 10, 4, 13], "texture": "#1"}
			}
		}
	],
	"gui_light": "front",
	"display": {
		"thirdperson_righthand": {
			"rotation": [75, 45, 0],
			"translation": [0, 2.5, 0],
			"scale": [0.375, 0.375, 0.375]
		},
		"thirdperson_lefthand": {
			"rotation": [75, 45, 0],
			"translation": [0, 2.5, 0],
			"scale": [0.375, 0.375, 0.375]
		},
		"firstperson_righthand": {
			"rotation": [0, 45, 0],
			"scale": [0.4, 0.4, 0.4]
		},
		"firstperson_lefthand": {
			"rotation": [0, 225, 0],
			"scale": [0.4, 0.4, 0.4]
		},
		"ground": {
			"translation": [0, 3, 0],
			"scale": [0.25, 0.25, 0.25]
		},
		"gui": {
			"rotation": [-165.5, -45, 180],
			"translation": [1.5, 3, 0],
			"scale": [1.25, 1.25, 1.25]
		},
		"fixed": {
			"scale": [0.5, 0.5, 0.5]
		}
	},
	"groups": [
		{
			"name": "bone",
			"origin": [0, 0, 0],
			"color": 0,
			"children": [
				{
					"name": "head",
					"origin": [0, 6, 0],
					"color": 0,
					"children": [0]
				},
				{
					"name": "body",
					"origin": [0, 6, 0],
					"color": 0,
					"children": [1, 2]
				},
				{
					"name": "right_arm",
					"origin": [1.75, 5.5, 0],
					"color": 0,
					"children": [3]
				},
				{
					"name": "left_arm",
					"origin": [-1.75, 5.5, 0],
					"color": 0,
					"children": [4]
				},
				{
					"name": "left_wing",
					"origin": [-0.5, 6, 1],
					"color": 0,
					"children": [5]
				},
				{
					"name": "right_wing",
					"origin": [0.5, 6, 1],
					"color": 0,
					"children": [6]
				}
			]
		},
		{
			"name": "group",
			"origin": [0, -6, -4],
			"color": 0,
			"children": [7, 8, 9, 10]
		}
	],
	"__credit": "Generated using Animated Java (https://animated-java.dev/)"
}