{
	"credit": "Made by Bret06 using Blockbench",
	"texture_size": [2, 2],
	"textures": {
		"0": "lunareclipse.watching:item/ui/advancements/structure/find_sand_pyramid/sand",
		"1": "lunareclipse.watching:item/ui/advancements/structure/find_sand_pyramid/water_still",
		"particle": "lunareclipse.watching:item/ui/advancements/structure/find_sand_pyramid/sand"
	},
	"elements": [
		{
			"from": [9, 0, 7],
			"to": [11, 2, 9],
			"rotation": {"angle": 0, "axis": "y", "origin": [0, -2, 0]},
			"faces": {
				"east": {"uv": [0, 0, 16, 16], "texture": "#0"},
				"up": {"uv": [0, 0, 16, 16], "texture": "#0"}
			}
		},
		{
			"from": [5, 0, 7],
			"to": [7, 2, 9],
			"rotation": {"angle": 0, "axis": "y", "origin": [0, -2, 0]},
			"faces": {
				"west": {"uv": [0, 0, 16, 16], "texture": "#0"},
				"up": {"uv": [0, 0, 16, 16], "texture": "#0"}
			}
		},
		{
			"from": [5, 0, 9],
			"to": [7, 2, 11],
			"rotation": {"angle": 0, "axis": "y", "origin": [0, -2, 0]},
			"faces": {
				"south": {"uv": [0, 0, 16, 16], "texture": "#0"},
				"west": {"uv": [0, 0, 16, 16], "texture": "#0"},
				"up": {"uv": [0, 0, 16, 16], "texture": "#0"}
			}
		},
		{
			"from": [7, 0, 9],
			"to": [9, 2, 11],
			"rotation": {"angle": 0, "axis": "y", "origin": [0, -2, 0]},
			"faces": {
				"south": {"uv": [0, 0, 16, 16], "texture": "#0"},
				"up": {"uv": [0, 0, 16, 16], "texture": "#0"}
			}
		},
		{
			"from": [7, 2, 7],
			"to": [9, 4, 9],
			"rotation": {"angle": 0, "axis": "y", "origin": [0, -2, 0]},
			"faces": {
				"north": {"uv": [0, 0, 16, 16], "texture": "#0"},
				"east": {"uv": [0, 0, 16, 16], "texture": "#0"},
				"south": {"uv": [0, 0, 16, 16], "texture": "#0"},
				"west": {"uv": [0, 0, 16, 16], "texture": "#0"},
				"up": {"uv": [0, 0, 16, 16], "texture": "#0"}
			}
		},
		{
			"from": [9, 0, 9],
			"to": [11, 2, 11],
			"rotation": {"angle": 0, "axis": "y", "origin": [0, -2, 0]},
			"faces": {
				"east": {"uv": [0, 0, 16, 16], "texture": "#0"},
				"south": {"uv": [0, 0, 16, 16], "texture": "#0"},
				"up": {"uv": [0, 0, 16, 16], "texture": "#0"}
			}
		},
		{
			"from": [9, 0, 5],
			"to": [11, 2, 7],
			"rotation": {"angle": 0, "axis": "y", "origin": [0, -2, 0]},
			"faces": {
				"north": {"uv": [0, 0, 16, 16], "texture": "#0"},
				"east": {"uv": [0, 0, 16, 16], "texture": "#0"},
				"up": {"uv": [0, 0, 16, 16], "texture": "#0"}
			}
		},
		{
			"from": [5, 0, 5],
			"to": [7, 2, 7],
			"rotation": {"angle": 0, "axis": "y", "origin": [0, -2, 0]},
			"faces": {
				"north": {"uv": [0, 0, 16, 16], "texture": "#0"},
				"west": {"uv": [0, 0, 16, 16], "texture": "#0"},
				"up": {"uv": [0, 0, 16, 16], "texture": "#0"}
			}
		},
		{
			"from": [7, 0, 5],
			"to": [9, 2, 7],
			"rotation": {"angle": 0, "axis": "y", "origin": [0, -2, 0]},
			"faces": {
				"north": {"uv": [0, 0, 16, 16], "texture": "#0"},
				"up": {"uv": [0, 0, 16, 16], "texture": "#0"}
			}
		},
		{
			"from": [5, -1, 3],
			"to": [7, 1, 5],
			"rotation": {"angle": 0, "axis": "y", "origin": [5, -1, 3]},
			"faces": {
				"up": {"uv": [0, 0, 16, 16], "texture": "#1"}
			}
		},
		{
			"from": [7, -1, 3],
			"to": [9, 1, 5],
			"rotation": {"angle": 0, "axis": "y", "origin": [7, -1, 3]},
			"faces": {
				"up": {"uv": [0, 0, 16, 16], "texture": "#1"}
			}
		},
		{
			"from": [11, -1, 5],
			"to": [13, 1, 7],
			"rotation": {"angle": 0, "axis": "y", "origin": [11, -1, 5]},
			"faces": {
				"up": {"uv": [0, 0, 16, 16], "texture": "#1"}
			}
		},
		{
			"from": [11, -1, 3],
			"to": [13, 1, 5],
			"rotation": {"angle": 0, "axis": "y", "origin": [11, -1, 3]},
			"faces": {
				"up": {"uv": [0, 0, 16, 16], "texture": "#1"}
			}
		},
		{
			"from": [11, -1, 7],
			"to": [13, 1, 9],
			"rotation": {"angle": 0, "axis": "y", "origin": [11, -1, 7]},
			"faces": {
				"up": {"uv": [0, 0, 16, 16], "texture": "#1"}
			}
		},
		{
			"from": [11, -1, 9],
			"to": [13, 1, 11],
			"rotation": {"angle": 0, "axis": "y", "origin": [11, -1, 9]},
			"faces": {
				"up": {"uv": [0, 0, 16, 16], "texture": "#1"}
			}
		},
		{
			"from": [13, -1, 7],
			"to": [15, 1, 9],
			"rotation": {"angle": 0, "axis": "y", "origin": [13, -1, 7]},
			"faces": {
				"up": {"uv": [0, 0, 16, 16], "texture": "#1"}
			}
		},
		{
			"from": [13, -1, 9],
			"to": [15, 1, 11],
			"rotation": {"angle": 0, "axis": "y", "origin": [13, -1, 9]},
			"faces": {
				"up": {"uv": [0, 0, 16, 16], "texture": "#1"}
			}
		},
		{
			"from": [13, -1, 5],
			"to": [15, 1, 7],
			"rotation": {"angle": 0, "axis": "y", "origin": [13, -1, 5]},
			"faces": {
				"up": {"uv": [0, 0, 16, 16], "texture": "#1"}
			}
		},
		{
			"from": [11, -1, 11],
			"to": [13, 1, 13],
			"rotation": {"angle": 0, "axis": "y", "origin": [11, -1, 11]},
			"faces": {
				"up": {"uv": [0, 0, 16, 16], "texture": "#1"}
			}
		},
		{
			"from": [9, -1, 11],
			"to": [11, 1, 13],
			"rotation": {"angle": 0, "axis": "y", "origin": [9, -1, 11]},
			"faces": {
				"up": {"uv": [0, 0, 16, 16], "texture": "#1"}
			}
		},
		{
			"from": [9, -1, 13],
			"to": [11, 1, 15],
			"rotation": {"angle": 0, "axis": "y", "origin": [9, -1, 13]},
			"faces": {
				"up": {"uv": [0, 0, 16, 16], "texture": "#1"}
			}
		},
		{
			"from": [7, -1, 13],
			"to": [9, 1, 15],
			"rotation": {"angle": 0, "axis": "y", "origin": [7, -1, 13]},
			"faces": {
				"up": {"uv": [0, 0, 16, 16], "texture": "#1"}
			}
		},
		{
			"from": [7, -1, 11],
			"to": [9, 1, 13],
			"rotation": {"angle": 0, "axis": "y", "origin": [7, -1, 11]},
			"faces": {
				"up": {"uv": [0, 0, 16, 16], "texture": "#1"}
			}
		},
		{
			"from": [5, -1, 11],
			"to": [7, 1, 13],
			"rotation": {"angle": 0, "axis": "y", "origin": [5, -1, 11]},
			"faces": {
				"up": {"uv": [0, 0, 16, 16], "texture": "#1"}
			}
		},
		{
			"from": [3, -1, 11],
			"to": [5, 1, 13],
			"rotation": {"angle": 0, "axis": "y", "origin": [3, -1, 11]},
			"faces": {
				"up": {"uv": [0, 0, 16, 16], "texture": "#1"}
			}
		},
		{
			"from": [3, -1, 9],
			"to": [5, 1, 11],
			"rotation": {"angle": 0, "axis": "y", "origin": [3, -1, 9]},
			"faces": {
				"up": {"uv": [0, 0, 16, 16], "texture": "#1"}
			}
		},
		{
			"from": [3, -1, 7],
			"to": [5, 1, 9],
			"rotation": {"angle": 0, "axis": "y", "origin": [3, -1, 7]},
			"faces": {
				"up": {"uv": [0, 0, 16, 16], "texture": "#1"}
			}
		},
		{
			"from": [1, -1, 7],
			"to": [3, 1, 9],
			"rotation": {"angle": 0, "axis": "y", "origin": [1, -1, 7]},
			"faces": {
				"up": {"uv": [0, 0, 16, 16], "texture": "#1"}
			}
		},
		{
			"from": [1, -1, 9],
			"to": [3, 1, 11],
			"rotation": {"angle": 0, "axis": "y", "origin": [1, -1, 9]},
			"faces": {
				"up": {"uv": [0, 0, 16, 16], "texture": "#1"}
			}
		},
		{
			"from": [3, -1, 5],
			"to": [5, 1, 7],
			"rotation": {"angle": 0, "axis": "y", "origin": [3, -1, 5]},
			"faces": {
				"up": {"uv": [0, 0, 16, 16], "texture": "#1"}
			}
		},
		{
			"from": [3, -1, 3],
			"to": [5, 1, 5],
			"rotation": {"angle": 0, "axis": "y", "origin": [3, -1, 3]},
			"faces": {
				"up": {"uv": [0, 0, 16, 16], "texture": "#1"}
			}
		},
		{
			"from": [9, -1, 3],
			"to": [11, 1, 5],
			"rotation": {"angle": 0, "axis": "y", "origin": [9, -1, 3]},
			"faces": {
				"up": {"uv": [0, 0, 16, 16], "texture": "#1"}
			}
		},
		{
			"from": [7, -1, 1],
			"to": [9, 1, 3],
			"rotation": {"angle": 0, "axis": "y", "origin": [7, -1, 1]},
			"faces": {
				"up": {"uv": [0, 0, 16, 16], "texture": "#1"}
			}
		},
		{
			"from": [5, -1, 1],
			"to": [7, 1, 3],
			"rotation": {"angle": 0, "axis": "y", "origin": [5, -1, 1]},
			"faces": {
				"up": {"uv": [0, 0, 16, 16], "texture": "#1"}
			}
		},
		{
			"from": [3, -1, 1],
			"to": [5, 1, 3],
			"rotation": {"angle": 0, "axis": "y", "origin": [3, -1, 1]},
			"faces": {
				"up": {"uv": [0, 0, 16, 16], "texture": "#1"}
			}
		}
	],
	"display": {
		"gui": {
			"rotation": [30, 141, 0],
			"translation": [0, 9, 0],
			"scale": [1.5, 1.5, 1.5]
		}
	},
	"groups": [
		{
			"name": "group",
			"origin": [0, 0, 0],
			"color": 0,
			"children": [0, 1, 2, 3, 4, 5, 6, 7, 8, 9, 10, 11, 12, 13, 14, 15, 16, 17, 18, 19, 20, 21, 22, 23, 24, 25, 26, 27, 28, 29, 30, 31, 32, 33, 34]
		}
	]
}