{
	"credit": "Made by Bret06 using Blockbench",
	"texture_size": [
		64,
		64
	],
	"textures": {
		"skin": "lunareclipse.watching:item/skins/grimreaper/skin",
		"particle": "lunareclipse.watching:item/skins/grimreaper/skin"
	},
	"elements": [
		{
			"name": "Box6",
			"from": [
				10,
				10,
				10
			],
			"to": [
				6,
				-2,
				6
			],
			"rotation": {
				"angle": 0,
				"axis": "y",
				"origin": [
					8,
					-20,
					8
				]
			},
			"faces": {
				"north": {
					"uv": [
						13,
						8,
						14,
						5
					],
					"texture": "#skin"
				},
				"east": {
					"uv": [
						12,
						8,
						13,
						5
					],
					"texture": "#skin"
				},
				"south": {
					"uv": [
						11,
						8,
						12,
						5
					],
					"texture": "#skin"
				},
				"west": {
					"uv": [
						10,
						8,
						11,
						5
					],
					"texture": "#skin"
				},
				"up": {
					"uv": [
						12,
						4,
						13,
						5
					],
					"texture": "#skin"
				},
				"down": {
					"uv": [
						11,
						5,
						12,
						4
					],
					"texture": "#skin"
				}
			}
		},
		{
			"name": "Box5",
			"from": [
				6,
				-2,
				6
			],
			"to": [
				10,
				10,
				10
			],
			"rotation": {
				"angle": 0,
				"axis": "y",
				"origin": [
					8,
					8,
					8
				]
			},
			"faces": {
				"north": {
					"uv": [
						11,
						5,
						12,
						8
					],
					"texture": "#skin"
				},
				"east": {
					"uv": [
						10,
						5,
						11,
						8
					],
					"texture": "#skin"
				},
				"south": {
					"uv": [
						13,
						5,
						14,
						8
					],
					"texture": "#skin"
				},
				"west": {
					"uv": [
						12,
						5,
						13,
						8
					],
					"texture": "#skin"
				},
				"up": {
					"uv": [
						12,
						5,
						11,
						4
					],
					"texture": "#skin"
				},
				"down": {
					"uv": [
						13,
						4,
						12,
						5
					],
					"texture": "#skin"
				}
			}
		},
		{
			"from": [
				7,
				-2.1,
				7
			],
			"to": [
				9,
				9.9,
				9
			],
			"rotation": {
				"angle": 0,
				"axis": "y",
				"origin": [
					0,
					-14,
					0
				]
			},
			"faces": {
				"north": {
					"uv": [
						14,
						13,
						14.5,
						16
					],
					"texture": "#skin"
				},
				"east": {
					"uv": [
						15.5,
						13,
						16,
						16
					],
					"texture": "#skin"
				},
				"south": {
					"uv": [
						15,
						13,
						15.5,
						16
					],
					"texture": "#skin"
				},
				"west": {
					"uv": [
						14.5,
						13,
						15,
						16
					],
					"texture": "#skin"
				},
				"up": {
					"uv": [
						14.5,
						12.5,
						15,
						13
					],
					"texture": "#skin"
				},
				"down": {
					"uv": [
						15,
						12.5,
						15.5,
						13
					],
					"texture": "#skin"
				}
			}
		}
	]
}