{
	"credit": "Made by Bret06 using Blockbench",
	"texture_size": [64, 64],
	"textures": {
		"skin": "lunareclipse.watching:item/skins/jack_black/skin",
		"particle": "lunareclipse.watching:item/skins/jack_black/skin"
	},
	"elements": [
		{
			"name": "left_arm",
			"from": [6, -2, 6],
			"to": [10, 10, 10],
			"rotation": {"angle": 0, "axis": "y", "origin": [15, -14, 8]},
			"faces": {
				"north": {"uv": [0, 9, 1, 12], "texture": "#skin"},
				"east": {"uv": [1, 9, 2, 12], "texture": "#skin"},
				"south": {"uv": [8, 9, 9, 12], "texture": "#skin"},
				"west": {"uv": [9, 9, 10, 12], "texture": "#skin"},
				"up": {"uv": [9.5, 6, 8.5, 5], "texture": "#skin"},
				"down": {"uv": [14, 9, 13, 10], "texture": "#skin"}
			}
		},
		{
			"name": "left_overlay",
			"from": [5.75, -2.25, 5.75],
			"to": [10.25, 10.25, 10.25],
			"rotation": {"angle": 0, "axis": "y", "origin": [15, -14, 8]},
			"faces": {
				"north": {"uv": [2, 9.5, 3, 12.5], "texture": "#skin"},
				"east": {"uv": [3, 9.5, 4, 12.5], "texture": "#skin"},
				"south": {"uv": [4, 9.5, 5, 12.5], "texture": "#skin"},
				"west": {"uv": [5, 9.5, 6, 12.5], "texture": "#skin"},
				"up": {"uv": [14, 11, 13, 10], "texture": "#skin"},
				"down": {"uv": [14, 11, 13, 12], "texture": "#skin"}
			}
		},
		{
			"name": "right_overlay inverted",
			"from": [10.25, 10.25, 10.25],
			"to": [5.75, -2.25, 5.75],
			"rotation": {"angle": 0, "axis": "y", "origin": [15, -14, 8]},
			"faces": {
				"north": {"uv": [4, 12.5, 5, 9.5], "texture": "#skin"},
				"east": {"uv": [5, 12.5, 6, 9.5], "texture": "#skin"},
				"south": {"uv": [2, 12.5, 3, 9.5], "texture": "#skin"},
				"west": {"uv": [3, 12.5, 4, 9.5], "texture": "#skin"},
				"up": {"uv": [13, 11, 14, 12], "texture": "#skin"},
				"down": {"uv": [13, 11, 14, 10], "texture": "#skin"}
			}
		}
	],
	"groups": [
		{
			"name": "left_arm",
			"origin": [1, 17, 8],
			"color": 8,
			"children": [0, 1, 2]
		}
	]
}