{
	"credit": "Made by Bret06 using Blockbench",
	"texture_size": [64, 64],
	"textures": {
		"skin": "lunareclipse.watching:item/skins/jack_black/skin",
		"particle": "lunareclipse.watching:item/skins/jack_black/skin"
	},
	"elements": [
		{
			"name": "left_leg",
			"from": [6.1, -3, 6],
			"to": [10.1, 9, 10],
			"rotation": {"angle": 0, "axis": "y", "origin": [10, -3, 8]},
			"faces": {
				"north": {"uv": [11, 12, 12, 15], "texture": "#skin"},
				"east": {"uv": [12, 12, 13, 15], "texture": "#skin"},
				"south": {"uv": [2, 12.5, 3, 15.5], "texture": "#skin"},
				"west": {"uv": [3, 12.5, 4, 15.5], "texture": "#skin"},
				"up": {"uv": [15, 3, 14, 2], "texture": "#skin"},
				"down": {"uv": [15, 9, 14, 10], "texture": "#skin"}
			}
		},
		{
			"name": "left_overlay",
			"from": [5.85, -3.25, 5.75],
			"to": [10.35, 9.25, 10.25],
			"rotation": {"angle": 0, "axis": "y", "origin": [10, -3, 8]},
			"faces": {
				"north": {"uv": [4, 12.5, 5, 15.5], "texture": "#skin"},
				"east": {"uv": [5, 12.5, 6, 15.5], "texture": "#skin"},
				"south": {"uv": [12.5, 6, 13.5, 9], "texture": "#skin"},
				"west": {"uv": [13, 0, 14, 3], "texture": "#skin"},
				"up": {"uv": [15, 11, 14, 10], "texture": "#skin"},
				"down": {"uv": [15, 11, 14, 12], "texture": "#skin"}
			}
		},
		{
			"name": "right_overlay inverted",
			"from": [10.35, 9.25, 10.25],
			"to": [5.85, -3.25, 5.75],
			"rotation": {"angle": 0, "axis": "y", "origin": [10, -3, 8]},
			"faces": {
				"north": {"uv": [12.5, 9, 13.5, 6], "texture": "#skin"},
				"east": {"uv": [13, 3, 14, 0], "texture": "#skin"},
				"south": {"uv": [4, 15.5, 5, 12.5], "texture": "#skin"},
				"west": {"uv": [5, 15.5, 6, 12.5], "texture": "#skin"},
				"up": {"uv": [14, 11, 15, 12], "texture": "#skin"},
				"down": {"uv": [14, 11, 15, 10], "texture": "#skin"}
			}
		}
	],
	"groups": [
		{
			"name": "left_leg",
			"origin": [6.1, 7, 8],
			"color": 0,
			"children": [0, 1, 2]
		}
	]
}