{
	"credit": "Made by Bret06 using Blockbench",
	"texture_size": [64, 64],
	"textures": {
		"1": "lunareclipse.watching:item/skins/white_eyes/skin",
		"particle": "lunareclipse.watching:item/skins/white_eyes/skin"
	},
	"elements": [
		{
			"name": "head",
			"from": [4, 18, -1],
			"to": [12, 26, 7],
			"rotation": {"angle": 0, "axis": "y", "origin": [8, 13, 10]},
			"faces": {
				"north": {"uv": [10, 3, 12, 5], "texture": "#1"},
				"east": {"uv": [8, 3, 10, 5], "texture": "#1"},
				"south": {"uv": [14, 3, 16, 5], "texture": "#1"},
				"west": {"uv": [12, 3, 14, 5], "texture": "#1"},
				"up": {"uv": [12, 3, 10, 1], "texture": "#1"},
				"down": {"uv": [14, 1, 12, 3], "texture": "#1"}
			}
		},
		{
			"name": "eyes",
			"from": [4, 18, -1],
			"to": [12, 26, 7],
			"rotation": {"angle": 0, "axis": "y", "origin": [8, 13, 10]},
			"faces": {
				"north": {"uv": [2, 10, 4, 12], "texture": "#1"},
				"east": {"uv": [0, 10, 2, 12], "texture": "#1"},
				"south": {"uv": [6, 10, 8, 12], "texture": "#1"},
				"west": {"uv": [4, 10, 6, 12], "texture": "#1"},
				"up": {"uv": [4, 10, 2, 8], "texture": "#1"},
				"down": {"uv": [6, 8, 4, 10], "texture": "#1"}
			}
		},
		{
			"name": "neck",
			"from": [5, 6, 5],
			"to": [11, 12, 11],
			"rotation": {"angle": 0, "axis": "y", "origin": [8, 0, 8]},
			"faces": {
				"north": {"uv": [1.5, 1.5, 3, 3], "texture": "#1"},
				"east": {"uv": [0, 1.5, 1.5, 3], "texture": "#1"},
				"south": {"uv": [4.5, 1.5, 6, 3], "texture": "#1"},
				"west": {"uv": [3, 1.5, 4.5, 3], "texture": "#1"},
				"up": {"uv": [3, 1.5, 1.5, 0], "texture": "#1"},
				"down": {"uv": [4.5, 0, 3, 1.5], "texture": "#1"}
			}
		},
		{
			"name": "body",
			"from": [3, 5, 11],
			"to": [13, 13, 23],
			"rotation": {"angle": 0, "axis": "x", "origin": [8, 9, 17]},
			"faces": {
				"north": {"uv": [3, 6, 5.5, 8], "texture": "#1"},
				"east": {"uv": [0, 6, 3, 8], "texture": "#1"},
				"south": {"uv": [8.5, 6, 11, 8], "texture": "#1"},
				"west": {"uv": [5.5, 6, 8.5, 8], "texture": "#1"},
				"up": {"uv": [5.5, 6, 3, 3], "texture": "#1"},
				"down": {"uv": [8, 3, 5.5, 6], "texture": "#1"}
			}
		},
		{
			"name": "body",
			"from": [4, 6, 1],
			"to": [12, 18, 5],
			"rotation": {"angle": 0, "axis": "y", "origin": [8, 12, 3]},
			"faces": {
				"north": {"uv": [11, 9, 13, 12], "texture": "#1"},
				"east": {"uv": [10, 9, 11, 12], "texture": "#1"},
				"south": {"uv": [14, 9, 16, 12], "texture": "#1"},
				"west": {"uv": [13, 9, 14, 12], "texture": "#1"},
				"up": {"uv": [13, 9, 11, 8], "texture": "#1"},
				"down": {"uv": [15, 8, 13, 9], "texture": "#1"}
			}
		},
		{
			"name": "body inverted",
			"from": [12, 18, 5],
			"to": [4, 6, 1],
			"rotation": {"angle": 0, "axis": "y", "origin": [8, 12, 3]},
			"faces": {
				"north": {"uv": [14, 12, 16, 9], "texture": "#1"},
				"east": {"uv": [13, 12, 14, 9], "texture": "#1"},
				"south": {"uv": [11, 12, 13, 9], "texture": "#1"},
				"west": {"uv": [10, 12, 11, 9], "texture": "#1"},
				"up": {"uv": [13, 8, 15, 9], "texture": "#1"},
				"down": {"uv": [11, 9, 13, 8], "texture": "#1"}
			}
		},
		{
			"name": "leg1",
			"from": [11, 8, 11],
			"to": [27, 10, 13],
			"rotation": {"angle": 0, "axis": "y", "origin": [8, 0, 8]},
			"faces": {
				"north": {"uv": [5, 0.5, 9, 1], "texture": "#1"},
				"east": {"uv": [4.5, 0.5, 5, 1], "texture": "#1"},
				"south": {"uv": [9.5, 0.5, 13.5, 1], "texture": "#1"},
				"west": {"uv": [9, 0.5, 9.5, 1], "texture": "#1"},
				"up": {"uv": [9, 0.5, 5, 0], "texture": "#1"},
				"down": {"uv": [13, 0, 9, 0.5], "texture": "#1"}
			}
		},
		{
			"name": "leg2",
			"from": [-11, 8, 11],
			"to": [5, 10, 13],
			"rotation": {"angle": 0, "axis": "y", "origin": [8, 0, 8]},
			"faces": {
				"north": {"uv": [5, 0.5, 9, 1], "texture": "#1"},
				"east": {"uv": [4.5, 0.5, 5, 1], "texture": "#1"},
				"south": {"uv": [9.5, 0.5, 13.5, 1], "texture": "#1"},
				"west": {"uv": [9, 0.5, 9.5, 1], "texture": "#1"},
				"up": {"uv": [9, 0.5, 5, 0], "texture": "#1"},
				"down": {"uv": [13, 0, 9, 0.5], "texture": "#1"}
			}
		},
		{
			"name": "leg3",
			"from": [11, 8, 8],
			"to": [27, 10, 10],
			"rotation": {"angle": 0, "axis": "y", "origin": [8, 0, 8]},
			"faces": {
				"north": {"uv": [5, 0.5, 9, 1], "texture": "#1"},
				"east": {"uv": [4.5, 0.5, 5, 1], "texture": "#1"},
				"south": {"uv": [9.5, 0.5, 13.5, 1], "texture": "#1"},
				"west": {"uv": [9, 0.5, 9.5, 1], "texture": "#1"},
				"up": {"uv": [9, 0.5, 5, 0], "texture": "#1"},
				"down": {"uv": [13, 0, 9, 0.5], "texture": "#1"}
			}
		},
		{
			"name": "leg4",
			"from": [-11, 8, 8],
			"to": [5, 10, 10],
			"rotation": {"angle": 0, "axis": "y", "origin": [5, 9, 9]},
			"faces": {
				"north": {"uv": [5, 0.5, 9, 1], "texture": "#1"},
				"east": {"uv": [4.5, 0.5, 5, 1], "texture": "#1"},
				"south": {"uv": [9.5, 0.5, 13.5, 1], "texture": "#1"},
				"west": {"uv": [9, 0.5, 9.5, 1], "texture": "#1"},
				"up": {"uv": [9, 0.5, 5, 0], "texture": "#1"},
				"down": {"uv": [13, 0, 9, 0.5], "texture": "#1"}
			}
		},
		{
			"name": "leg5",
			"from": [11, 8, 5],
			"to": [27, 10, 7],
			"rotation": {"angle": 0, "axis": "y", "origin": [8, 0, 8]},
			"faces": {
				"north": {"uv": [5, 0.5, 9, 1], "texture": "#1"},
				"east": {"uv": [4.5, 0.5, 5, 1], "texture": "#1"},
				"south": {"uv": [9.5, 0.5, 13.5, 1], "texture": "#1"},
				"west": {"uv": [9, 0.5, 9.5, 1], "texture": "#1"},
				"up": {"uv": [9, 0.5, 5, 0], "texture": "#1"},
				"down": {"uv": [13, 0, 9, 0.5], "texture": "#1"}
			}
		},
		{
			"name": "leg6",
			"from": [-11, 8, 5],
			"to": [5, 10, 7],
			"rotation": {"angle": 0, "axis": "y", "origin": [8, 0, 8]},
			"faces": {
				"north": {"uv": [5, 0.5, 9, 1], "texture": "#1"},
				"east": {"uv": [4.5, 0.5, 5, 1], "texture": "#1"},
				"south": {"uv": [9.5, 0.5, 13.5, 1], "texture": "#1"},
				"west": {"uv": [9, 0.5, 9.5, 1], "texture": "#1"},
				"up": {"uv": [9, 0.5, 5, 0], "texture": "#1"},
				"down": {"uv": [13, 0, 9, 0.5], "texture": "#1"}
			}
		}
	],
	"groups": [
		{
			"name": "head",
			"origin": [8, 22, 5],
			"color": 0,
			"children": [0, 1]
		},
		{
			"name": "neck",
			"origin": [8, 9, 8],
			"color": 0,
			"children": [2]
		},
		{
			"name": "body",
			"origin": [8, 9, 17],
			"color": 0,
			"children": [
				3,
				{
					"name": "body2",
					"origin": [8, 18, 3],
					"color": 0,
					"children": [4, 5]
				}
			]
		},
		{
			"name": "leg1",
			"origin": [12, 9, 12],
			"color": 0,
			"children": [6]
		},
		{
			"name": "leg2",
			"origin": [4, 9, 12],
			"color": 0,
			"children": [7]
		},
		{
			"name": "leg3",
			"origin": [12, 9, 9],
			"color": 0,
			"children": [8]
		},
		{
			"name": "leg4",
			"origin": [4, 9, 9],
			"color": 0,
			"children": [9]
		},
		{
			"name": "leg5",
			"origin": [12, 9, 6],
			"color": 0,
			"children": [10]
		},
		{
			"name": "leg6",
			"origin": [4, 9, 6],
			"color": 0,
			"children": [11]
		}
	]
}