{
	"credit": "Made by Bret06 using Blockbench",
	"textures": {
		"0": "lunareclipse.watching:item/ui/advancements/dreadful_donation/get_donation",
		"particle": "lunareclipse.watching:item/ui/advancements/dreadful_donation/get_donation"
	},
	"elements": [
		{
			"name": "rotten_flesh_0",
			"from": [7, 4, 3],
			"to": [9, 16, 7],
			"rotation": {"angle": -22.5, "axis": "y", "origin": [8, 7, 7]},
			"faces": {
				"north": {"uv": [10, 12, 12, 0], "rotation": 180, "texture": "#0"},
				"east": {"uv": [8, 0, 12, 12], "texture": "#0"},
				"south": {"uv": [8, 12, 10, 0], "rotation": 180, "texture": "#0"},
				"west": {"uv": [12, 0, 8, 12], "texture": "#0"},
				"up": {"uv": [12, 0, 8, 2], "rotation": 90, "texture": "#0"},
				"down": {"uv": [12, 10, 8, 12], "rotation": 270, "texture": "#0"}
			}
		},
		{
			"name": "rotten_flesh_1",
			"from": [7, 2, 7],
			"to": [9, 14, 9],
			"rotation": {"angle": -22.5, "axis": "y", "origin": [8, 7, 7]},
			"faces": {
				"north": {"uv": [6, 14, 8, 2], "rotation": 180, "texture": "#0"},
				"east": {"uv": [6, 2, 8, 14], "texture": "#0"},
				"south": {"uv": [6, 14, 8, 2], "rotation": 180, "texture": "#0"},
				"west": {"uv": [8, 2, 6, 14], "texture": "#0"},
				"up": {"uv": [8, 2, 6, 4], "rotation": 90, "texture": "#0"},
				"down": {"uv": [8, 12, 6, 14], "rotation": 270, "texture": "#0"}
			}
		},
		{
			"name": "rotten_flesh_2",
			"from": [7, 6, 1],
			"to": [9, 14, 3],
			"rotation": {"angle": -22.5, "axis": "y", "origin": [8, 7, 7]},
			"faces": {
				"north": {"uv": [12, 10, 14, 2], "rotation": 180, "texture": "#0"},
				"east": {"uv": [12, 2, 14, 10], "texture": "#0"},
				"south": {"uv": [12, 10, 14, 2], "rotation": 180, "texture": "#0"},
				"west": {"uv": [14, 2, 12, 10], "texture": "#0"},
				"up": {"uv": [14, 2, 12, 4], "rotation": 90, "texture": "#0"},
				"down": {"uv": [14, 8, 12, 10], "rotation": 270, "texture": "#0"}
			}
		},
		{
			"name": "rotten_flesh_3",
			"from": [7, 0, 9],
			"to": [9, 12, 11],
			"rotation": {"angle": -22.5, "axis": "y", "origin": [8, 7, 7]},
			"faces": {
				"north": {"uv": [4, 16, 6, 4], "rotation": 180, "texture": "#0"},
				"east": {"uv": [4, 4, 6, 16], "texture": "#0"},
				"south": {"uv": [4, 16, 6, 4], "rotation": 180, "texture": "#0"},
				"west": {"uv": [6, 4, 4, 16], "texture": "#0"},
				"up": {"uv": [6, 4, 4, 6], "rotation": 90, "texture": "#0"},
				"down": {"uv": [6, 14, 4, 16], "rotation": 270, "texture": "#0"}
			}
		},
		{
			"name": "rotten_flesh_4",
			"from": [7, 10, -1],
			"to": [9, 12, 1],
			"rotation": {"angle": -22.5, "axis": "y", "origin": [8, 7, 7]},
			"faces": {
				"north": {"uv": [14, 6, 16, 4], "rotation": 180, "texture": "#0"},
				"east": {"uv": [14, 4, 16, 6], "texture": "#0"},
				"south": {"uv": [14, 6, 16, 4], "rotation": 180, "texture": "#0"},
				"west": {"uv": [16, 4, 14, 6], "texture": "#0"},
				"up": {"uv": [16, 4, 14, 6], "rotation": 90, "texture": "#0"},
				"down": {"uv": [16, 4, 14, 6], "rotation": 270, "texture": "#0"}
			}
		},
		{
			"name": "rotten_flesh_5",
			"from": [7, 2, 11],
			"to": [9, 10, 13],
			"rotation": {"angle": -22.5, "axis": "y", "origin": [8, 7, 7]},
			"faces": {
				"north": {"uv": [2, 14, 4, 6], "rotation": 180, "texture": "#0"},
				"east": {"uv": [2, 6, 4, 14], "texture": "#0"},
				"south": {"uv": [2, 14, 4, 6], "rotation": 180, "texture": "#0"},
				"west": {"uv": [4, 6, 2, 14], "texture": "#0"},
				"up": {"uv": [4, 6, 2, 8], "rotation": 90, "texture": "#0"},
				"down": {"uv": [4, 12, 2, 14], "rotation": 270, "texture": "#0"}
			}
		},
		{
			"name": "rotten_flesh_6",
			"from": [7, 4, 13],
			"to": [9, 8, 15],
			"rotation": {"angle": -22.5, "axis": "y", "origin": [8, 7, 7]},
			"faces": {
				"north": {"uv": [0, 12, 2, 8], "rotation": 180, "texture": "#0"},
				"east": {"uv": [0, 8, 2, 12], "texture": "#0"},
				"south": {"uv": [0, 12, 2, 8], "rotation": 180, "texture": "#0"},
				"west": {"uv": [2, 8, 0, 12], "texture": "#0"},
				"up": {"uv": [2, 8, 0, 10], "rotation": 90, "texture": "#0"},
				"down": {"uv": [2, 10, 0, 12], "rotation": 270, "texture": "#0"}
			}
		},
		{
			"name": "rotten_flesh_7",
			"from": [7, 6, -1],
			"to": [9, 8, 1],
			"rotation": {"angle": -22.5, "axis": "y", "origin": [8, 7, 7]},
			"faces": {
				"north": {"uv": [14, 10, 16, 8], "rotation": 180, "texture": "#0"},
				"east": {"uv": [14, 8, 16, 10], "texture": "#0"},
				"south": {"uv": [14, 10, 16, 8], "rotation": 180, "texture": "#0"},
				"west": {"uv": [16, 8, 14, 10], "texture": "#0"},
				"up": {"uv": [16, 8, 14, 10], "rotation": 90, "texture": "#0"},
				"down": {"uv": [16, 8, 14, 10], "rotation": 270, "texture": "#0"}
			}
		},
		{
			"name": "rotten_flesh_8",
			"from": [7, 2, 5],
			"to": [9, 4, 7],
			"rotation": {"angle": -22.5, "axis": "y", "origin": [8, 7, 7]},
			"faces": {
				"north": {"uv": [8, 14, 10, 12], "rotation": 180, "texture": "#0"},
				"east": {"uv": [8, 12, 10, 14], "texture": "#0"},
				"south": {"uv": [8, 14, 10, 12], "rotation": 180, "texture": "#0"},
				"west": {"uv": [10, 12, 8, 14], "texture": "#0"},
				"up": {"uv": [10, 12, 8, 14], "rotation": 90, "texture": "#0"},
				"down": {"uv": [10, 12, 8, 14], "rotation": 270, "texture": "#0"}
			}
		}
	],
	"gui_light": "front",
	"display": {
		"thirdperson_righthand": {
			"translation": [0, 3, 1],
			"scale": [0.55, 0.55, 0.55]
		},
		"thirdperson_lefthand": {
			"translation": [0, 3, 1],
			"scale": [0.55, 0.55, 0.55]
		},
		"firstperson_righthand": {
			"rotation": [0, -90, 25],
			"translation": [1.13, 3.2, 1.13],
			"scale": [0.68, 0.68, 0.68]
		},
		"firstperson_lefthand": {
			"rotation": [0, -90, 25],
			"translation": [1.13, 3.2, 1.13],
			"scale": [0.68, 0.68, 0.68]
		},
		"ground": {
			"translation": [0, 2, 0],
			"scale": [0.5, 0.5, 0.5]
		},
		"gui": {
			"rotation": [16.75, -90, 0],
			"translation": [-1, 0, 0]
		},
		"head": {
			"rotation": [0, 180, 0],
			"translation": [0, 13, 7]
		},
		"fixed": {
			"rotation": [0, 180, 0]
		}
	},
	"groups": [
		{
			"name": "rotten_flesh",
			"origin": [8, 8, 8],
			"color": 0,
			"children": [0, 1, 2, 3, 4, 5, 6, 7, 8]
		}
	],
	"__credit": "Generated using Animated Java (https://animated-java.dev/)"
}