{
	"credit": "Made by Bret06 using Blockbench",
	"textures": {
		"0": "lunareclipse.watching:item/ui/advancements/dreadful_donation/get_named_donation",
		"particle": "lunareclipse.watching:item/ui/advancements/dreadful_donation/get_named_donation"
	},
	"elements": [
		{
			"name": "name_tag_0",
			"from": [10, 12, 7],
			"to": [14, 16, 9],
			"rotation": {"angle": -22.5, "axis": "y", "origin": [8, 9, 8]},
			"faces": {
				"north": {"uv": [14, 0, 10, 4], "texture": "#0"},
				"east": {"uv": [12, 0, 14, 4], "texture": "#0"},
				"south": {"uv": [10, 0, 14, 4], "texture": "#0"},
				"west": {"uv": [10, 0, 12, 4], "texture": "#0"},
				"up": {"uv": [10, 0, 14, 2], "texture": "#0"},
				"down": {"uv": [10, 2, 14, 4], "texture": "#0"}
			}
		},
		{
			"name": "name_tag_1",
			"from": [8, 4, 7],
			"to": [10, 14, 9],
			"rotation": {"angle": -22.5, "axis": "y", "origin": [8, 9, 8]},
			"faces": {
				"north": {"uv": [10, 2, 8, 12], "texture": "#0"},
				"east": {"uv": [8, 2, 10, 12], "texture": "#0"},
				"south": {"uv": [8, 2, 10, 12], "texture": "#0"},
				"west": {"uv": [8, 2, 10, 12], "texture": "#0"},
				"up": {"uv": [8, 2, 10, 4], "texture": "#0"},
				"down": {"uv": [8, 10, 10, 12], "texture": "#0"}
			}
		},
		{
			"name": "name_tag_2",
			"from": [14, 10, 7],
			"to": [16, 14, 9],
			"rotation": {"angle": -22.5, "axis": "y", "origin": [8, 9, 8]},
			"faces": {
				"north": {"uv": [16, 2, 14, 6], "texture": "#0"},
				"east": {"uv": [14, 2, 16, 6], "texture": "#0"},
				"south": {"uv": [14, 2, 16, 6], "texture": "#0"},
				"west": {"uv": [14, 2, 16, 6], "texture": "#0"},
				"up": {"uv": [14, 2, 16, 4], "texture": "#0"},
				"down": {"uv": [14, 4, 16, 6], "texture": "#0"}
			}
		},
		{
			"name": "name_tag_3",
			"from": [6, 2, 7],
			"to": [8, 12, 9],
			"rotation": {"angle": -22.5, "axis": "y", "origin": [8, 9, 8]},
			"faces": {
				"north": {"uv": [8, 4, 6, 14], "texture": "#0"},
				"east": {"uv": [6, 4, 8, 14], "texture": "#0"},
				"south": {"uv": [6, 4, 8, 14], "texture": "#0"},
				"west": {"uv": [6, 4, 8, 14], "texture": "#0"},
				"up": {"uv": [6, 4, 8, 6], "texture": "#0"},
				"down": {"uv": [6, 12, 8, 14], "texture": "#0"}
			}
		},
		{
			"name": "name_tag_4",
			"from": [12, 8, 7],
			"to": [14, 12, 9],
			"rotation": {"angle": -22.5, "axis": "y", "origin": [8, 9, 8]},
			"faces": {
				"north": {"uv": [14, 4, 12, 8], "texture": "#0"},
				"east": {"uv": [12, 4, 14, 8], "texture": "#0"},
				"south": {"uv": [12, 4, 14, 8], "texture": "#0"},
				"west": {"uv": [12, 4, 14, 8], "texture": "#0"},
				"up": {"uv": [12, 4, 14, 6], "texture": "#0"},
				"down": {"uv": [12, 6, 14, 8], "texture": "#0"}
			}
		},
		{
			"name": "name_tag_5",
			"from": [4, 0, 7],
			"to": [6, 10, 9],
			"rotation": {"angle": -22.5, "axis": "y", "origin": [8, 9, 8]},
			"faces": {
				"north": {"uv": [6, 6, 4, 16], "texture": "#0"},
				"east": {"uv": [4, 6, 6, 16], "texture": "#0"},
				"south": {"uv": [4, 6, 6, 16], "texture": "#0"},
				"west": {"uv": [4, 6, 6, 16], "texture": "#0"},
				"up": {"uv": [4, 6, 6, 8], "texture": "#0"},
				"down": {"uv": [4, 14, 6, 16], "texture": "#0"}
			}
		},
		{
			"name": "name_tag_6",
			"from": [10, 6, 7],
			"to": [12, 10, 9],
			"rotation": {"angle": -22.5, "axis": "y", "origin": [8, 9, 8]},
			"faces": {
				"north": {"uv": [12, 6, 10, 10], "texture": "#0"},
				"east": {"uv": [10, 6, 12, 10], "texture": "#0"},
				"south": {"uv": [10, 6, 12, 10], "texture": "#0"},
				"west": {"uv": [10, 6, 12, 10], "texture": "#0"},
				"up": {"uv": [10, 6, 12, 8], "texture": "#0"},
				"down": {"uv": [10, 8, 12, 10], "texture": "#0"}
			}
		},
		{
			"name": "name_tag_7",
			"from": [2, 0, 7],
			"to": [4, 8, 9],
			"rotation": {"angle": -22.5, "axis": "y", "origin": [8, 9, 8]},
			"faces": {
				"north": {"uv": [4, 8, 2, 16], "texture": "#0"},
				"east": {"uv": [2, 8, 4, 16], "texture": "#0"},
				"south": {"uv": [2, 8, 4, 16], "texture": "#0"},
				"west": {"uv": [2, 8, 4, 16], "texture": "#0"},
				"up": {"uv": [2, 8, 4, 10], "texture": "#0"},
				"down": {"uv": [2, 14, 4, 16], "texture": "#0"}
			}
		},
		{
			"name": "name_tag_8",
			"from": [0, 2, 7],
			"to": [2, 6, 9],
			"rotation": {"angle": -22.5, "axis": "y", "origin": [8, 9, 8]},
			"faces": {
				"north": {"uv": [2, 10, 0, 14], "texture": "#0"},
				"east": {"uv": [0, 10, 2, 14], "texture": "#0"},
				"south": {"uv": [0, 10, 2, 14], "texture": "#0"},
				"west": {"uv": [0, 10, 2, 14], "texture": "#0"},
				"up": {"uv": [0, 10, 2, 12], "texture": "#0"},
				"down": {"uv": [0, 12, 2, 14], "texture": "#0"}
			}
		}
	],
	"gui_light": "front",
	"display": {
		"gui": {
			"rotation": [15.75, 0, 0]
		}
	},
	"groups": [
		{
			"name": "name_tag",
			"origin": [8, 8, 8],
			"color": 0,
			"children": [0, 1, 2, 3, 4, 5, 6, 7, 8]
		}
	],
	"__credit": "Generated using Animated Java (https://animated-java.dev/)"
}