{
	"credit": "Made by Bret06 using Blockbench",
	"textures": {
		"0": "lunareclipse.watching:item/ui/advancements/haunting/encounter_dwelling_shadow/skin",
		"1": "lunareclipse.watching:item/ui/advancements/haunting/encounter_dwelling_shadow/smoke",
		"particle": "lunareclipse.watching:item/ui/advancements/haunting/encounter_dwelling_shadow/skin"
	},
	"elements": [
		{
			"name": "Box6",
			"from": [13.97901, 20.25, 10.80371],
			"to": [5.47901, 7.75, 6.30371],
			"rotation": {"angle": -22.5, "axis": "y", "origin": [9.72901, 13, 8.55371]},
			"faces": {
				"north": {"uv": [8, 12, 10, 9], "texture": "#0"},
				"east": {"uv": [7, 12, 8, 9], "texture": "#0"},
				"south": {"uv": [5, 12, 7, 9], "texture": "#0"},
				"west": {"uv": [4, 12, 5, 9], "texture": "#0"},
				"up": {"uv": [9, 8, 7, 9], "texture": "#0"},
				"down": {"uv": [7, 8, 5, 9], "texture": "#0"}
			}
		},
		{
			"name": "Box4",
			"from": [5.72901, 8, 6.55371],
			"to": [13.72901, 20, 10.55371],
			"rotation": {"angle": -22.5, "axis": "y", "origin": [9.72901, 13, 8.55371]},
			"faces": {
				"north": {"uv": [5, 5, 7, 8], "texture": "#0"},
				"east": {"uv": [4, 5, 5, 8], "texture": "#0"},
				"south": {"uv": [8, 5, 10, 8], "texture": "#0"},
				"west": {"uv": [7, 5, 8, 8], "texture": "#0"},
				"up": {"uv": [7, 5, 5, 4], "texture": "#0"},
				"down": {"uv": [7, 4, 9, 5], "texture": "#0"}
			}
		},
		{
			"name": "Box5",
			"from": [5.47901, 7.75, 6.30371],
			"to": [13.97901, 20.25, 10.80371],
			"rotation": {"angle": -22.5, "axis": "y", "origin": [9.72901, 13, 8.55371]},
			"faces": {
				"north": {"uv": [5, 9, 7, 12], "texture": "#0"},
				"east": {"uv": [4, 9, 5, 12], "texture": "#0"},
				"south": {"uv": [8, 9, 10, 12], "texture": "#0"},
				"west": {"uv": [7, 9, 8, 12], "texture": "#0"},
				"up": {"uv": [5, 8, 7, 9], "texture": "#0"},
				"down": {"uv": [7, 8, 9, 9], "texture": "#0"}
			}
		},
		{
			"name": "Box5",
			"from": [5.72901, -4, 6.55371],
			"to": [9.72901, 8, 10.55371],
			"rotation": {"angle": -22.5, "axis": "y", "origin": [9.72901, 13, 8.55371]},
			"faces": {
				"north": {"uv": [6, 13, 5, 16], "texture": "#0"},
				"east": {"uv": [7, 13, 6, 16], "texture": "#0"},
				"south": {"uv": [8, 13, 7, 16], "texture": "#0"},
				"west": {"uv": [5, 13, 4, 16], "texture": "#0"},
				"up": {"uv": [5, 13, 6, 12], "texture": "#0"},
				"down": {"uv": [7, 12, 6, 13], "texture": "#0"}
			}
		},
		{
			"name": "Box6",
			"from": [5.47901, -4.25, 6.30371],
			"to": [9.97901, 8.25, 10.80371],
			"rotation": {"angle": -22.5, "axis": "y", "origin": [9.72901, 13, 8.55371]},
			"faces": {
				"north": {"uv": [1, 13, 2, 16], "texture": "#0"},
				"east": {"uv": [0, 13, 1, 16], "texture": "#0"},
				"south": {"uv": [3, 13, 4, 16], "texture": "#0"},
				"west": {"uv": [2, 13, 3, 16], "texture": "#0"},
				"up": {"uv": [2, 13, 1, 12], "texture": "#0"},
				"down": {"uv": [3, 12, 2, 13], "texture": "#0"}
			}
		},
		{
			"name": "Box7",
			"from": [9.97901, 8.25, 10.80371],
			"to": [5.47901, -4.25, 6.30371],
			"rotation": {"angle": -22.5, "axis": "y", "origin": [9.72901, 13, 8.55371]},
			"faces": {
				"north": {"uv": [3, 16, 4, 13], "texture": "#0"},
				"east": {"uv": [2, 16, 3, 13], "texture": "#0"},
				"south": {"uv": [1, 16, 2, 13], "texture": "#0"},
				"west": {"uv": [0, 16, 1, 13], "texture": "#0"},
				"up": {"uv": [2, 12, 3, 13], "texture": "#0"},
				"down": {"uv": [1, 13, 2, 12], "texture": "#0"}
			}
		},
		{
			"name": "Box5",
			"from": [9.72901, -4, 6.55371],
			"to": [13.72901, 8, 10.55371],
			"rotation": {"angle": -22.5, "axis": "y", "origin": [9.72901, 13, 8.55371]},
			"faces": {
				"north": {"uv": [1, 5, 2, 8], "texture": "#0"},
				"east": {"uv": [0, 5, 1, 8], "texture": "#0"},
				"south": {"uv": [3, 5, 4, 8], "texture": "#0"},
				"west": {"uv": [2, 5, 3, 8], "texture": "#0"},
				"up": {"uv": [2, 5, 1, 4], "texture": "#0"},
				"down": {"uv": [3, 4, 2, 5], "texture": "#0"}
			}
		},
		{
			"name": "Box6",
			"from": [9.47901, -4.25, 6.30371],
			"to": [13.97901, 8.25, 10.80371],
			"rotation": {"angle": -22.5, "axis": "y", "origin": [9.72901, 13, 8.55371]},
			"faces": {
				"north": {"uv": [1, 9, 2, 12], "texture": "#0"},
				"east": {"uv": [0, 9, 1, 12], "texture": "#0"},
				"south": {"uv": [3, 9, 4, 12], "texture": "#0"},
				"west": {"uv": [2, 9, 3, 12], "texture": "#0"},
				"up": {"uv": [2, 9, 1, 8], "texture": "#0"},
				"down": {"uv": [3, 8, 2, 9], "texture": "#0"}
			}
		},
		{
			"name": "Box7",
			"from": [13.97901, 8.25, 10.80371],
			"to": [9.47901, -4.25, 6.30371],
			"rotation": {"angle": -22.5, "axis": "y", "origin": [9.72901, 13, 8.55371]},
			"faces": {
				"north": {"uv": [3, 12, 4, 9], "texture": "#0"},
				"east": {"uv": [2, 12, 3, 9], "texture": "#0"},
				"south": {"uv": [1, 12, 2, 9], "texture": "#0"},
				"west": {"uv": [0, 12, 1, 9], "texture": "#0"},
				"up": {"uv": [2, 8, 3, 9], "texture": "#0"},
				"down": {"uv": [1, 9, 2, 8], "texture": "#0"}
			}
		},
		{
			"name": "Box5",
			"from": [1.72901, 8, 6.55371],
			"to": [5.72901, 20, 10.55371],
			"rotation": {"angle": -22.5, "axis": "y", "origin": [9.72901, 13, 8.55371]},
			"faces": {
				"north": {"uv": [9, 13, 10, 16], "texture": "#0"},
				"east": {"uv": [8, 13, 9, 16], "texture": "#0"},
				"south": {"uv": [11, 13, 12, 16], "texture": "#0"},
				"west": {"uv": [10, 13, 11, 16], "texture": "#0"},
				"up": {"uv": [10, 13, 9, 12], "texture": "#0"},
				"down": {"uv": [11, 12, 10, 13], "texture": "#0"}
			}
		},
		{
			"name": "Box6",
			"from": [1.47901, 7.75, 6.30371],
			"to": [5.97901, 20.25, 10.80371],
			"rotation": {"angle": -22.5, "axis": "y", "origin": [9.72901, 13, 8.55371]},
			"faces": {
				"north": {"uv": [13, 13, 14, 16], "texture": "#0"},
				"east": {"uv": [12, 13, 13, 16], "texture": "#0"},
				"south": {"uv": [15, 13, 16, 16], "texture": "#0"},
				"west": {"uv": [14, 13, 15, 16], "texture": "#0"},
				"up": {"uv": [14, 13, 13, 12], "texture": "#0"},
				"down": {"uv": [15, 12, 14, 13], "texture": "#0"}
			}
		},
		{
			"name": "Box7",
			"from": [5.97901, 20.25, 10.80371],
			"to": [1.47901, 7.75, 6.30371],
			"rotation": {"angle": -22.5, "axis": "y", "origin": [9.72901, 13, 8.55371]},
			"faces": {
				"north": {"uv": [15, 16, 16, 13], "texture": "#0"},
				"east": {"uv": [14, 16, 15, 13], "texture": "#0"},
				"south": {"uv": [13, 16, 14, 13], "texture": "#0"},
				"west": {"uv": [12, 16, 13, 13], "texture": "#0"},
				"up": {"uv": [14, 12, 15, 13], "texture": "#0"},
				"down": {"uv": [13, 13, 14, 12], "texture": "#0"}
			}
		},
		{
			"name": "Box7",
			"from": [17.97901, 20.25, 10.80371],
			"to": [13.47901, 7.75, 6.30371],
			"rotation": {"angle": -22.5, "axis": "y", "origin": [9.72901, 13, 8.55371]},
			"faces": {
				"north": {"uv": [13, 12, 14, 9], "texture": "#0"},
				"east": {"uv": [12, 12, 13, 9], "texture": "#0"},
				"south": {"uv": [11, 12, 12, 9], "texture": "#0"},
				"west": {"uv": [10, 12, 11, 9], "texture": "#0"},
				"up": {"uv": [12, 8, 13, 9], "texture": "#0"},
				"down": {"uv": [11, 9, 12, 8], "texture": "#0"}
			}
		},
		{
			"name": "Box5",
			"from": [13.72901, 8, 6.55371],
			"to": [17.72901, 20, 10.55371],
			"rotation": {"angle": -22.5, "axis": "y", "origin": [9.72901, 13, 8.55371]},
			"faces": {
				"north": {"uv": [11, 5, 12, 8], "texture": "#0"},
				"east": {"uv": [10, 5, 11, 8], "texture": "#0"},
				"south": {"uv": [13, 5, 14, 8], "texture": "#0"},
				"west": {"uv": [12, 5, 13, 8], "texture": "#0"},
				"up": {"uv": [12, 5, 11, 4], "texture": "#0"},
				"down": {"uv": [13, 4, 12, 5], "texture": "#0"}
			}
		},
		{
			"name": "Box6",
			"from": [13.47901, 7.75, 6.30371],
			"to": [17.97901, 20.25, 10.80371],
			"rotation": {"angle": -22.5, "axis": "y", "origin": [9.72901, 13, 8.55371]},
			"faces": {
				"north": {"uv": [11, 9, 12, 12], "texture": "#0"},
				"east": {"uv": [10, 9, 11, 12], "texture": "#0"},
				"south": {"uv": [13, 9, 14, 12], "texture": "#0"},
				"west": {"uv": [12, 9, 13, 12], "texture": "#0"},
				"up": {"uv": [12, 9, 11, 8], "texture": "#0"},
				"down": {"uv": [13, 8, 12, 9], "texture": "#0"}
			}
		},
		{
			"name": "Box5",
			"from": [5.22901, 19.2, 5.35371],
			"to": [14.22901, 28.2, 14.35371],
			"rotation": {"angle": 22.5, "axis": "x", "origin": [9.72901, 23.7, 9.85371]},
			"faces": {
				"north": {"uv": [10, 2, 12, 4], "texture": "#0"},
				"east": {"uv": [8, 2, 10, 4], "texture": "#0"},
				"south": {"uv": [14, 2, 16, 4], "texture": "#0"},
				"west": {"uv": [12, 2, 14, 4], "texture": "#0"},
				"up": {"uv": [12, 2, 10, 0], "texture": "#0"},
				"down": {"uv": [14, 0, 12, 2], "texture": "#0"}
			}
		},
		{
			"name": "Box6",
			"from": [5.72901, 19.7, 5.85371],
			"to": [13.72901, 27.7, 13.85371],
			"rotation": {"angle": 22.5, "axis": "x", "origin": [9.72901, 23.7, 9.85371]},
			"faces": {
				"north": {"uv": [2, 2, 4, 4], "texture": "#0"},
				"east": {"uv": [0, 2, 2, 4], "texture": "#0"},
				"south": {"uv": [6, 2, 8, 4], "texture": "#0"},
				"west": {"uv": [4, 2, 6, 4], "texture": "#0"},
				"up": {"uv": [4, 2, 2, 0], "texture": "#0"},
				"down": {"uv": [6, 0, 4, 2], "texture": "#0"}
			}
		},
		{
			"name": "Box6",
			"from": [14.22901, 28.2, 14.35371],
			"to": [5.22901, 19.2, 5.35371],
			"rotation": {"angle": 22.5, "axis": "x", "origin": [9.72901, 23.7, 9.85371]},
			"faces": {
				"north": {"uv": [16, 2, 14, 4], "rotation": 180, "texture": "#0"},
				"east": {"uv": [14, 2, 12, 4], "rotation": 180, "texture": "#0"},
				"south": {"uv": [12, 2, 10, 4], "rotation": 180, "texture": "#0"},
				"west": {"uv": [10, 2, 8, 4], "rotation": 180, "texture": "#0"},
				"up": {"uv": [12, 0, 14, 2], "texture": "#0"},
				"down": {"uv": [10, 2, 12, 0], "texture": "#0"}
			}
		},
		{
			"from": [-6, -7, 16],
			"to": [26, 25, 16],
			"rotation": {"angle": 22.5, "axis": "x", "origin": [10, 9, 16]},
			"faces": {
				"north": {"uv": [0, 0, 16, 16], "texture": "#1"},
				"east": {"uv": [0, 0, 0, 16], "texture": "#1"},
				"south": {"uv": [0, 0, 16, 16], "texture": "#1"},
				"west": {"uv": [0, 0, 0, 16], "texture": "#1"},
				"up": {"uv": [0, 0, 16, 0], "texture": "#1"},
				"down": {"uv": [0, 0, 16, 0], "texture": "#1"}
			}
		}
	],
	"gui_light": "front",
	"display": {
		"gui": {
			"rotation": [23, 180, 0],
			"translation": [1, -2, 0],
			"scale": [0.6, 0.6, 0.6]
		}
	},
	"groups": [
		{
			"name": "bone7",
			"origin": [-7, 0, -7],
			"color": 0,
			"children": [
				{
					"name": "bone6",
					"origin": [-7, 0, -7],
					"color": 0,
					"children": [0, 1, 2]
				},
				{
					"name": "bone5",
					"origin": [-1, -18, 1],
					"color": 0,
					"children": [3, 4, 5]
				},
				{
					"name": "bone4",
					"origin": [3, -18, 1],
					"color": 0,
					"children": [6, 7, 8]
				},
				{
					"name": "bone3",
					"origin": [-5, -6, 1],
					"color": 0,
					"children": [9, 10, 11]
				},
				{
					"name": "bone2",
					"origin": [7, 22, 1],
					"color": 0,
					"children": [12, 13, 14]
				},
				{
					"name": "bone",
					"origin": [-7, 1, -7],
					"color": 0,
					"children": [15, 16, 17]
				}
			]
		},
		18
	],
	"__credit": "Generated using Animated Java (https://animated-java.dev/)"
}