{
	"format_version": "1.21.6",
	"credit": "Made by Bret06 using Blockbench",
	"textures": {
		"0": "lunareclipse.watching:item/ui/advancements/haunting/encounter_pants",
		"particle": "lunareclipse.watching:item/ui/advancements/haunting/encounter_pants"
	},
	"elements": [
		{
			"name": "Box5",
			"from": [3.82901, -1, 5.55371],
			"to": [7.82901, 11, 9.55371],
			"rotation": {"angle": 40, "axis": "x", "origin": [7.82901, 9, 7.55371]},
			"faces": {
				"north": {"uv": [6, 13, 5, 16], "texture": "#0"},
				"east": {"uv": [7, 13, 6, 16], "texture": "#0"},
				"south": {"uv": [8, 13, 7, 16], "texture": "#0"},
				"west": {"uv": [5, 13, 4, 16], "texture": "#0"},
				"up": {"uv": [5, 13, 6, 12], "texture": "#0"},
				"down": {"uv": [7, 12, 6, 13], "texture": "#0"}
			}
		},
		{
			"name": "Box6",
			"from": [7.82901, 9, 5.55371],
			"to": [8.72901, 11, 9.55371],
			"rotation": {"angle": 40, "axis": "x", "origin": [7.82901, 9, 7.55371]},
			"faces": {
				"north": {"uv": [5.5, 13, 5, 13.25], "texture": "#0"},
				"east": {"uv": [5.5, 13, 5, 13.25], "texture": "#0"},
				"south": {"uv": [5.5, 13, 5, 13.25], "texture": "#0"},
				"west": {"uv": [5.5, 13, 5, 13.25], "texture": "#0"},
				"up": {"uv": [5.5, 13, 5, 13.25], "texture": "#0"},
				"down": {"uv": [5.5, 13, 5, 13.25], "texture": "#0"}
			}
		},
		{
			"name": "Box6",
			"from": [3.57901, -1.25, 5.30371],
			"to": [8.07901, 11.25, 9.80371],
			"rotation": {"angle": 40, "axis": "x", "origin": [7.82901, 9, 7.55371]},
			"faces": {
				"north": {"uv": [1, 13, 2, 16], "texture": "#0"},
				"east": {"uv": [0, 13, 1, 16], "texture": "#0"},
				"south": {"uv": [3, 13, 4, 16], "texture": "#0"},
				"west": {"uv": [2, 13, 3, 16], "texture": "#0"},
				"up": {"uv": [2, 13, 1, 12], "texture": "#0"},
				"down": {"uv": [3, 12, 2, 13], "texture": "#0"}
			}
		},
		{
			"name": "Box7",
			"from": [8.07901, 11.25, 9.80371],
			"to": [3.57901, -1.25, 5.30371],
			"rotation": {"angle": 40, "axis": "x", "origin": [7.82901, 9, 7.55371]},
			"faces": {
				"north": {"uv": [3, 16, 4, 13], "texture": "#0"},
				"east": {"uv": [2, 16, 3, 13], "texture": "#0"},
				"south": {"uv": [1, 16, 2, 13], "texture": "#0"},
				"west": {"uv": [0, 16, 1, 13], "texture": "#0"},
				"up": {"uv": [2, 12, 3, 13], "texture": "#0"},
				"down": {"uv": [1, 13, 2, 12], "texture": "#0"}
			}
		},
		{
			"name": "Box5",
			"from": [8.72901, -1, 5.55371],
			"to": [12.72901, 11, 9.55371],
			"rotation": {"angle": -25, "axis": "x", "origin": [10.72901, 9, 7.55371]},
			"faces": {
				"north": {"uv": [1, 5, 2, 8], "texture": "#0"},
				"east": {"uv": [0, 5, 1, 8], "texture": "#0"},
				"south": {"uv": [3, 5, 4, 8], "texture": "#0"},
				"west": {"uv": [2, 5, 3, 8], "texture": "#0"},
				"up": {"uv": [2, 5, 1, 4], "texture": "#0"},
				"down": {"uv": [3, 4, 2, 5], "texture": "#0"}
			}
		},
		{
			"name": "Box6",
			"from": [8.47901, -1.25, 5.30371],
			"to": [12.97901, 11.25, 9.80371],
			"rotation": {"angle": -25, "axis": "x", "origin": [10.72901, 9, 7.55371]},
			"faces": {
				"north": {"uv": [1, 9, 2, 12], "texture": "#0"},
				"east": {"uv": [0, 9, 1, 12], "texture": "#0"},
				"south": {"uv": [3, 9, 4, 12], "texture": "#0"},
				"west": {"uv": [2, 9, 3, 12], "texture": "#0"},
				"up": {"uv": [2, 9, 1, 8], "texture": "#0"},
				"down": {"uv": [3, 8, 2, 9], "texture": "#0"}
			}
		},
		{
			"name": "Box7",
			"from": [12.97901, 11.25, 9.80371],
			"to": [8.47901, -1.25, 5.30371],
			"rotation": {"angle": -25, "axis": "x", "origin": [10.72901, 9, 7.55371]},
			"faces": {
				"north": {"uv": [3, 12, 4, 9], "texture": "#0"},
				"east": {"uv": [2, 12, 3, 9], "texture": "#0"},
				"south": {"uv": [1, 12, 2, 9], "texture": "#0"},
				"west": {"uv": [0, 12, 1, 9], "texture": "#0"},
				"up": {"uv": [2, 8, 3, 9], "texture": "#0"},
				"down": {"uv": [1, 9, 2, 8], "texture": "#0"}
			}
		}
	],
	"gui_light": "front",
	"display": {
		"gui": {
			"rotation": [9.07, -142, -0.85],
			"translation": [-0.75, 2.75, 0]
		}
	},
	"groups": [
		{
			"name": "bone7",
			"origin": [-7, 0, -7],
			"color": 0,
			"children": [
				{
					"name": "bone5",
					"origin": [-1, -18, 1],
					"color": 0,
					"children": [0, 1, 2, 3]
				},
				{
					"name": "bone4",
					"origin": [3, -18, 1],
					"color": 0,
					"children": [4, 5, 6]
				}
			]
		}
	],
	"__credit": "Generated using Animated Java (https://animated-java.dev/)"
}